"","rn","cluster","n","boot_mean","boot_se","boot_ci","ci_low","ci_up","sd","dist100"
"1","Affiliate_Impressions",1,64,0,0,"[0, 0]",0,0,0,0
"2","Affiliate_Impressions",2,14,0,0,"[0, 0]",0,0,0,0
"3","Affiliate_Impressions",3,54,0,0,"[0, 0]",0,0,0,0
"4","Facebook_Impressions",1,64,0.00891222269670811,0.000954082668229271,"[0, 0.02]",0,0.0241936972477182,0.00757279641099479,0.000397366566360684
"5","Facebook_Impressions",2,14,0.0343703021894356,0.00552693475505328,"[0, 0.08]",0,0.0790484193393257,0.0199276466554886,0.00120104760252831
"6","Facebook_Impressions",3,54,0.00666154589379305,0.000271917387353167,"[0, 0.01]",0.00265856156013475,0.0106742308008493,0.00197958846073711,0.00012095804204231
"7","Google_Impressions",1,64,0.00782942360134586,0.00074135540919751,"[0, 0.02]",0,0.019703727690251,0.00588432613754741,0.000317902827932786
"8","Google_Impressions",2,14,0.0256983568867457,0.00393028924683548,"[0, 0.06]",0,0.0574541807549012,0.0141708594068701,0.000866625248168095
"9","Google_Impressions",3,54,0.00614836150170441,0.000208230508885948,"[0, 0.01]",0.00308252913534494,0.00922081584551984,0.00151594098699051,9.26279665066254e-05
