"","solID","mape","decomp.rssd","nrmse","nrmse_test","nrmse_train","nrmse_val","Affiliate_Impressions_thetas","Email_Impressions_thetas","Facebook_Impressions_thetas","Google_Impressions_thetas","Organic_Views_thetas","Affiliate_Impressions_alphas","Email_Impressions_alphas","Facebook_Impressions_alphas","Google_Impressions_alphas","Organic_Views_alphas","Affiliate_Impressions_gammas","Email_Impressions_gammas","Facebook_Impressions_gammas","Google_Impressions_gammas","Organic_Views_gammas","cluster","n","top_sol"
"1","1_31_15",0,0.0504574940487895,0.213102726920975,0.312687324322884,0.151971122004681,0.213102726920975,0.784260707264635,0.396845296260825,0.260912844515593,0.651971272079007,0.511250729296936,0.785597960444762,0.499246025242985,0.360375578552647,0.226457964693452,0.751877595905649,0.0970785476588838,0.67075794804106,0.389708080829221,0.739365108337787,0.739117470033851,1,64,FALSE
"2","1_47_8",0,0.0195293378242718,0.21636376291705,0.329793925107465,0.159445802793242,0.21636376291705,0.770797730058971,0.632548648059973,0.0773772825172442,0.468408230537818,0.740495835781562,0.971164854416342,0.919717436373946,0.729403971504183,0.363237259819014,1,0.444230424896512,0.73292786706068,0.809098774858048,0,0.618629722821301,1,64,FALSE
"3","1_51_13",0,0.0206562427539237,0.214503304716647,0.322098445623195,0.155163751164425,0.214503304716647,0.623498356960985,0.447448276234347,0.00554128700552606,0.120719812057454,0.526918559905285,0.74160551129957,0.272909891309526,0.880181213724357,0.381339208207021,0.636562690445049,0.377402600762688,0.593914795332973,0.502218355858162,0.895657026476764,0.438503032670511,3,54,FALSE
"4","1_60_15",0,0.0196095203460303,0.214935869487572,0.325189875783173,0.156417953364339,0.214935869487572,0.315912700573767,0.39475836316185,0.101885493582851,0.606999356904555,0.473044196401711,0.939199409880415,0.900777051403593,0.864770401195409,0.414672194825794,0.40541068004209,0.0229832090988738,0.452449550551553,0.622351844117191,0.707437871981125,0.204398338725931,1,64,FALSE
"5","1_63_2",0,0.0391142072194365,0.213359661211127,0.312794602315784,0.151937967819189,0.213359661211127,0.467069400939436,0.365776359955594,0.206023268725037,0.891301210969561,0.35586297992477,0.936702120411754,0.736330295499136,0.716214823995439,0.260663652793211,0.959284951615483,0.332877728628201,0.406623328477196,0.370981951401402,0.941734991762617,0.618382861980374,1,64,FALSE
"6","1_64_1",0,0.0947028208436889,0.198382453203849,0.162913110619192,0.0757699267809133,0.198382453203849,0.398770411324703,0.461472974954789,0.359470989671149,0.690489339790672,0.113979399320396,0.999084170494913,0.551742815108875,0.0184014713621715,0.411332719798352,0.950771873584272,0.224949097065831,0.80373747740167,0.00904295147843609,0.997149472078372,0.811371972967445,1,64,FALSE
"7","1_66_1",0,0.109066279450782,0.199950295780656,0.164150390225567,0.0771971806334438,0.199950295780656,0.398770411324703,0.461472974954789,0.359470989671149,0.281546165006672,0.196923122930194,0.999084170494913,0.551742815108875,0.0184014713621715,0.240379906956883,0.715861485366131,0.224949097065831,0.80373747740167,0.00904295147843609,0.682920261929146,0.981678829929001,1,64,FALSE
"8","1_67_14",0,0.0462825302218171,0.213133247743299,0.313211024428145,0.152193386927425,0.213133247743299,0.928104213069457,0.719336006393658,0.304531541032579,0.572548703162057,0.456154724602376,0.754443178059718,0.756430377900635,0.766393437638679,0.264016659720259,0.824761039023742,0.19381158717974,0.757133657014304,0.381963713116445,0.589211625043086,0.623242039852131,1,64,FALSE
"9","1_77_14",0,0.0352890637117014,0.213538886874725,0.312442294411328,0.151753476928093,0.213538886874725,0.928104213069457,0.529936723552018,0.232710896572121,0.726020910844194,0.365362385480089,0.994366109828695,0.92207207184225,0.928885146844027,0.295595024681705,0.244626938600465,0.0108568119747158,0.824100412283725,0.388505765453112,1,0.644881733014151,1,64,FALSE
"10","1_79_14",0,0.0354213341071199,0.213450140514009,0.313312488337525,0.152142208705255,0.213450140514009,0.853997879168998,0.418566799264735,0.232710896572121,0.726020910844194,0.365362385480089,0.994366109828695,0.731561665761625,0.928885146844027,0.295595024681705,0.244626938600465,0.0108568119747158,0.396687799637538,0.388505765453112,1,0.644881733014151,1,64,FALSE
"11","1_81_14",0,0.0384467285923148,0.213505141104841,0.32143634804601,0.155210100386142,0.213505141104841,0.989958393613216,0.418566799264735,0.232710896572121,0.332877553150765,0.747175467938964,0.806262930229095,0.454457723135663,0.928885146844027,0.295595024681705,0.492119881506734,0.424952096378978,0.396687799637538,0.388505765453112,0.998974466109488,0.576695757998396,1,64,FALSE
"12","1_84_1",0,0.0213583300424988,0.214646572822287,0.318440593766733,0.153781934771153,0.214646572822287,0.825618441223099,0.406946419038988,0.0776052062504722,0.40380048545615,0.502078330915925,0.9511763620254,0.961844371068357,0.784770900718495,0.41269826166559,0.480905834845057,0.0633763867005895,0.476217808228647,0.535220231513614,0.632534914981063,0.199586535982194,1,64,FALSE
"13","1_86_4",0,0.0540460714904488,0.212494539812721,0.300723867807442,0.147111231255947,0.212494539812721,0.863933309431861,0.721992515166372,0.0784758382001443,0.807335832526319,0.233027128273765,0.931414176646933,0.393619485042203,0.757464132567595,0.46441338683614,0.442621062583429,0.133926511383205,0.637130304315408,0.261076246413699,0.783306976649245,0.887605906750636,1,64,FALSE
"14","1_92_4",0,0.0540460714904488,0.212494539812721,0.300723867807442,0.147111231255947,0.212494539812721,0.863933309431861,0.721992515166372,0.0784758382001443,0.807335832526319,0.233027128273765,0.931414176646933,0.393619485042203,0.757464132567595,0.46441338683614,0.88125224879648,0.133926511383205,0.637130304315408,0.261076246413699,0.783306976649245,0.715903740019309,1,64,FALSE
"15","1_93_4",0,0.0384478802443893,0.21349450141147,0.321986029006691,0.155436481538682,0.21349450141147,0.781106620298306,0.607073640605481,0.18822720493607,0.870131630764614,0.243302652455363,0.945420575327632,0.56554301287866,0.912874362902018,0.227689097753331,0.146866472015219,0.695323320134247,0.718740291663864,0.346274354221908,0.605343426526597,0.83234105937594,1,64,FALSE
"16","1_93_9",0,0.0536191374870017,0.212892507099879,0.320278117896612,0.15480651159715,0.212892507099879,0.812605607697572,0.676738761343217,0.255407606539039,0.58058172642941,0.195783979894801,0.513842845725759,0.310580470021138,0.785060246155679,0.340667113544127,0.824800215898214,0.526334578740342,0.733280707266208,0.319515012029865,0.683653429798594,0.824915860810651,1,64,FALSE
"17","1_94_4",0,0.0540460714904488,0.212494539812721,0.300723867807442,0.147111231255947,0.212494539812721,0.863933309431861,0.721992515166372,0.0784758382001443,0.807335832526319,0.233027128273765,0.977578027738636,0.393619485042203,0.757464132567595,0.46441338683614,0.442621062583429,0.133926511383205,0.637130304315408,0.261076246413699,0.783306976649245,0.887605906750636,1,64,FALSE
"18","1_95_11",0,0.064103496477878,0.212024447154515,0.298427164479152,0.146455767329435,0.212024447154515,0.958979457312342,0.425650871325692,0.25020676654495,0.724977846634601,0.46683586167979,0.703223896115215,0.192569357576315,0.603952471592203,0.367056892140184,0.921364621046284,0.137173289387374,0.489035125673231,0.282779180107036,0.83145105996641,0.974382541756328,1,64,FALSE
"19","1_97_4",0,0.026778231826589,0.214051081870902,0.315665141859701,0.152941456278919,0.214051081870902,0.948334796593258,0.315358521709413,0.157371524811222,0.870131630764614,0.487564174647693,0.984577002906397,0.642992975757827,0.812316488401624,0.308074124542289,0.146866472015219,0.00569511705229405,0.753954875568102,0.443239109913426,0.601149410100813,0.686898608663107,1,64,FALSE
"20","1_98_4",0,0.0540460714904488,0.212494539812721,0.300723867807442,0.147111231255947,0.212494539812721,0.880117776250902,0.721992515166372,0.0784758382001443,0.807335832526319,0.233027128273765,0.931414176646933,0.393619485042203,0.757464132567595,0.46441338683614,0.442621062583429,0.129797155428619,0.637130304315408,0.261076246413699,0.783306976649245,0.887605906750636,1,64,FALSE
"21","1_98_15",0,0.0618164394365319,0.212006537075301,0.295853120990873,0.145453981268278,0.212006537075301,0.880272707072027,0.703726728439774,0.290140300406768,0.560232756618134,0.229469295173629,0.58365940621678,0.737719591229665,0.79171914431263,0.32713462210896,0.494565613886859,0.0301354632940791,0.807442425538666,0.287631097171842,0.913844760510918,0.874178445555426,1,64,FALSE
"22","1_99_1",0,0.0396967084962678,0.213486106997405,0.308312112422644,0.150231270702622,0.213486106997405,0.635895986679844,0.360889490642054,0.245266445882413,0.802631506227689,0.370092060962635,0.863031906224757,0.641461056958279,0.651070953426596,0.388876297639763,0.839605949490757,0.247520734998252,0.419837204692614,0.416923370640959,0.873378014471491,0.581408520857917,1,64,FALSE
"23","1_101_14",0,0.0196410646950847,0.214819132511942,0.320577163194566,0.154716381699041,0.214819132511942,0.66959826135995,0.185357309042995,0.0855995669054195,0.726020910844194,0.365362385480089,0.792157630939138,0.364640246158458,0.975711553198594,0.295595024681705,0.244626938600465,0.304093443034228,0.554469396193886,0.567409236939513,1,0.644881733014151,3,54,FALSE
"24","1_103_14",0,0.0247464527761976,0.213975919884937,0.312498544124513,0.151686210221228,0.213975919884937,0.781739686696474,0.367290524688285,0.0855995669054195,0.726020910844194,0.365362385480089,0.602444433570784,0.125586353363456,0.977081370197986,0.295595024681705,0.244626938600465,0.426031246315173,0.859223230193253,0.401821102448015,1,0.644881733014151,3,54,FALSE
"25","1_104_6",0,0.0197483892691623,0.214672899591443,0.323649323706786,0.155887893060628,0.214672899591443,0.677180261402303,0.777817054050469,0.0675729285298047,0.521211901638718,0.599218236021849,0.824717448460782,0.870167973542034,0.868048332932394,0.17409775896759,0.366018411333926,0.629876979717626,0.556419036788593,0.516150728690722,0.862426624646168,0.557919327255255,1,64,FALSE
"26","1_105_4",0,0.022424204487821,0.214366946774746,0.31514144723884,0.152629825789139,0.214366946774746,0.520790080856866,0.091478190979389,0.114187004816282,0.929577437869808,0.487564174647693,0.922876917455803,0.738335189967138,0.902949070455653,0.470365051225139,0.0966279080067316,0.161828206852628,0.38496562593074,0.485324593536238,0.851378233131262,0.223718421371916,3,54,FALSE
"27","1_106_1",0,0.0228857731445747,0.214178083052912,0.32024371387164,0.154628076358951,0.214178083052912,0.21007298147404,0.326608040391943,0.0978768676854988,0.951083594866308,0.226809905614177,0.920848722833525,0.121028764728557,0.973503169404783,0.442232628175605,0.251398451856423,0.256093412084376,0.871123848975438,0.444465608492461,0.830132279693472,0.623120261684035,3,54,FALSE
"28","1_107_11",0,0.0485291968928228,0.212883485877186,0.302291608828513,0.147754978135994,0.212883485877186,0.996990516817572,0.680378443837797,0.127183437499815,0.859628374605743,0.14834821924082,0.538089683072784,0.505199980858952,0.657767231902127,0.46369753281057,0.61827131115665,0.137173289387374,0.794112540964187,0.310877895724138,0.58379131513813,0.539779491151672,1,64,FALSE
"29","1_108_11",0,0.0514259880903323,0.213085808989684,0.287515167820201,0.141825718218615,0.213085808989684,0.668543087521642,0.279785976851153,0.0645629196600256,0.883349226759837,0.0768048780922857,0.74488616961607,0.445819364115982,0.883801391653201,0.653184492130463,0.709012487536944,0.343584426826976,0.380591835949661,0.27880809923184,0.697723159805719,0.977508046716902,1,64,FALSE
"30","1_109_2",0,0.0778762164787259,0.211058312078572,0.297414040935426,0.14597438593151,0.211058312078572,0.8387600836509,0.661731125439695,0.293370421625417,0.440812471856562,0.00888198430682733,0.898624829515144,0.832803343489109,0.689048639821371,0.336801642434097,0.494484947429418,0.200758816326479,0.653985967028464,0.234877466593771,0.811732436833837,0.727709615477706,1,64,FALSE
"31","1_109_5",0,0.0195300088208164,0.21496649117734,0.329015817563489,0.157918580287402,0.21496649117734,0.351587695722076,0.0978687898514455,0.0704545165386688,0.815405403234365,0.72555439602407,0.5319743580337,0.00638993763017554,0.765185139157835,0.380021203200876,0.93869341444545,0.0111576470470678,0.408563136910366,0.606568506873855,0.649096220616043,0.777252237374036,3,54,FALSE
"32","1_110_13",0,0.0195627678315894,0.214981802196863,0.324193169932975,0.156118559638619,0.214981802196863,0.72484185873978,0.48791273526393,0.100443703940129,0.819854632064225,0.434378154719437,0.674106229767854,0.887831267037646,0.850685373239163,0.270147626245243,0.208808824850881,0.568753129869606,0.250615836441678,0.597331163364715,0.875545787573691,0.593266687546577,1,64,FALSE
"33","1_111_2",0,0.0779635506828535,0.210977216637184,0.297670031784418,0.146102247886485,0.210977216637184,0.773005185483909,0.661731125439695,0.293370421625417,0.440812471856562,0.00888198430682733,0.635449034943798,0.618376838063136,0.689048639821371,0.336801642434097,0.494484947429418,0.434442604272054,0.831660307779101,0.234877466593771,0.811732436833837,0.727709615477706,1,64,FALSE
"34","1_113_7",0,0.0311226377582111,0.213675157163825,0.317851117269737,0.153820476521009,0.213675157163825,0.377263065880024,0.0653056673081787,0.156969749474429,0.875770243570207,0.279519572647732,0.717085934942747,0.322554939916081,0.916067850684281,0.300215520454694,0.589823570334358,0.492122089723064,0.332878093356926,0.381869345869449,0.998485524643832,0.946851345909008,3,54,FALSE
"35","1_114_4",0,0.0587475079465142,0.185771806115343,0.135108114737461,0.0507124407615219,0.185771806115343,0.371375649907815,0.0362550392246683,0.647502154806788,0.975855223534554,0.123345868498963,0.935188625201993,0.519163368761387,0.387368267654787,0.627925139046796,0.81987514555699,0.305200339485232,0.697072809789653,0,0.477487604018674,0.974861385814406,2,14,TRUE
"36","1_114_10",0,0.0212485650894362,0.214532407039732,0.318536227441595,0.153838039511418,0.214532407039732,0.715926167067828,0.298660586941384,0.0262821313891407,0.584729127787133,0.492487361798664,0.50072209811503,0.649253236929575,0.890197509124726,0.445942331047425,0.936343580669891,0.679518401935178,0.0808113347123574,0.479432283364135,0.959471614323768,0.797726711261907,1,64,FALSE
"37","1_114_13",0,0.0252454906845217,0.214152551118249,0.321976979420427,0.155309239008829,0.214152551118249,0.518623892435548,0.23868420870169,0.127450840185152,0.999789661334204,0.434378154719437,0.751607831988853,0.899143844980874,0.873102300518766,0.287823139544387,0.208808824850881,0.403636422374372,0.42899523435817,0.421485435706115,0.771626851535832,0.593266687546577,1,64,FALSE
"38","1_115_13",0,0.0230823824525386,0.214268526528399,0.327347459289143,0.157348403809107,0.214268526528399,0.302537593043222,0.0764248801655297,0.075782078107413,0.657129566274383,0.510700458868851,0.535654100557595,0.211793420557083,0.981431728205201,0.189841860081205,0.0992541886465724,0.27688817604435,0.935920073219006,0.415396132548305,0.768221999519398,0.765009054796553,3,54,FALSE
"39","1_117_5",0,0.0198368580812811,0.214842243198418,0.328721964328681,0.157726633958973,0.214842243198418,0.926491862837929,0.0271586606989904,0.0704545165386688,0.00286319505633072,0.64586457634927,0.982443609016446,0.484640959185538,0.918086048787582,0.380021203200876,0.770917866248862,0.171539419921883,0.827502372093602,0.606568506873855,0.649096220616043,0,3,54,FALSE
"40","1_117_8",0,0.033347892768332,0.213460727220341,0.312297351532974,0.15152316050806,0.213460727220341,0.606660590928707,0.43667393037481,0.0191136144362219,0.964250128835331,0.231417922203783,0.667158345301131,0.295711851277668,0.884820484959899,0.459219490502226,0.56502154360846,0.525418586123478,0.973261678984507,0.330937266220816,0.923845642266097,0.370380429820776,3,54,FALSE
"41","1_117_13",0,0.0699869345153724,0.211403811787691,0.30198559149376,0.147687590564408,0.211403811787691,0.831806630102509,0.673574755914427,0.075782078107413,0.657129566274383,0.308284551352023,0.633219726838428,0.159863783215338,0.884880161967785,0.189841860081205,0.124416179356842,0.386501514545034,0.830526580750483,0.173284924898096,0.768221999519398,0.995398185654442,3,54,FALSE
"42","1_118_11",0,0.0468530864368284,0.212969900049935,0.304939228612323,0.148574165871434,0.212969900049935,0.726658105652296,0.352910447837219,0.0151661645887661,0.790852075453406,0.18236556551944,0.780254649132529,0.814484583745242,0.773030339123642,0.50534279280773,0.76422003263783,0.304418396771263,0.542595441546105,0.276392482502799,0.546870141194352,0.915918206553267,1,64,FALSE
"43","1_119_7",0,0.0292657380503081,0.213868624294451,0.303574425926752,0.148147485922811,0.213868624294451,0.649507639665745,0.305105806622719,0.0497017590299512,0.715263342669766,0.201599689710458,0.575011187321853,0.203075412810048,0.940507187804546,0.420608247669128,0.489929684839592,0.537705174573488,0.604378116378794,0.368136241454278,0.92382636439895,0.538730764049042,3,54,TRUE
"44","1_119_9",0,0.0195755087023343,0.214768170609114,0.323112994396337,0.155681338423956,0.214768170609114,0.694306716529302,0.786599162614903,0.0640240736434205,0.428948422469097,0.519552232667049,0.988219844406649,0.705315976598198,0.856180316854196,0.195637223494469,0.449176354972408,0.593583454745838,0.521044153976856,0.546731107718834,0.836606762795816,0.493562348543995,1,64,FALSE
"45","1_119_10",0,0.0397797675318366,0.213389847971513,0.310643267565555,0.150990888851347,0.213389847971513,0.863155123654748,0.628813285996823,0.15411742709492,0.398193012727084,0.39798198133667,0.664088737924012,0.268608028828323,0.821111324791388,0.44549786716791,0.80123965477892,0.301118372645478,0.595063517483955,0.375333451519226,0.748784183276666,0.753710244355383,1,64,FALSE
"46","1_119_13",0,0.0230209021056788,0.214115444844143,0.322085471493883,0.155324376396672,0.214115444844143,0.302537593043222,0.0764248801655297,0.075782078107413,0.822616245201621,0.394430000135001,0.740856924929086,0.211793420557083,0.981431728205201,0.31362570763032,0.178061604619346,0.27688817604435,0.935920073219006,0.415396132548305,0.779425474762617,0.668907197392256,3,54,FALSE
"47","1_120_11",0,0.0346393093713214,0.213437806321605,0.313258016972032,0.151909759128886,0.213437806321605,0.612263995576075,0.143461132094254,0.0995881318437033,0.683966104288938,0.355976898488015,0.873617402027135,0.814484583745242,0.989924671307061,0.370860786487867,0.465304534622842,0.203365214832812,0.542595441546105,0.338494778350054,0.879837089083848,1,1,64,FALSE
"48","1_120_14",0,0.0304007029063427,0.213616030250094,0.315521546537576,0.152859480954636,0.213616030250094,1,0.755119975512482,0.135515098205452,0.593561735245955,0.490961672559079,0.835095344505802,0.639364484225395,0.999233141942437,0.315023954451222,0.275743606748847,0.230737820384549,0.837626794403121,0.378129126745213,0.928685089954258,0.683591632200596,1,64,FALSE
"49","1_121_1",0,0.0205603302517828,0.214687070719934,0.312843634644415,0.151647069348096,0.214687070719934,0.817545008751817,0.859575116613571,0.0138488280677457,0.664773857143373,0.0527021931409955,0.863031906224757,0.609707708830238,0.677505229836357,0.361219478650076,0.660759465717424,0.247520734998252,0.712803324495666,0.499521313285698,0.658745845807153,0.738792394003009,1,64,FALSE
"50","1_121_5",0,0.0301128764864941,0.213871021823107,0.310377366447402,0.150935188114805,0.213871021823107,0.725735888287725,0.620442053118774,0.151599159232271,0.484346321932074,0.140695920064305,0.365194256595295,0,0.985596455957269,0.362915854185254,0.261607525257193,0.555695934800799,0.850599117946589,0.403869399124849,0.647800550687827,0.212222550345013,3,54,FALSE
"51","1_121_6",0,0.0195289611036081,0.256499313669367,0.183232961851567,0.0907767877504326,0.256499313669367,0.612530830668003,0.288330403765272,0.172733157504162,0.722504351240534,0.605521567879329,0.935046960877358,0.752237880056327,0.845452909142749,0.256829673662669,0.742048154848108,0.136557876956049,0.597457082275761,0.579396831620774,0.645814426176924,0.0431010851441785,1,64,TRUE
"52","1_121_13",0,0.0230326845777995,0.214340161145111,0.32968299884973,0.158200804587217,0.214340161145111,0.302537593043222,0.0764248801655297,0.075782078107413,0.822616245201621,0.697286272643733,0.903669587466344,0.211793420557083,0.981431728205201,0.31362570763032,0.192694708109987,0.469071625123791,0.935920073219006,0.415396132548305,0.779425474762617,0.587886030672202,3,54,FALSE
"53","1_122_3",0,0.0201249041838388,0.2147369967807,0.318234589451313,0.153689337789683,0.2147369967807,0.279894323816307,0,0.0126758692243303,0.890133043350216,0.600716030245173,0.865328349665062,0.364336581184802,0.732562380250127,0.534549402060143,0.441388845713528,0.270438972172802,0.263396547328511,0.539005059009208,0.736857842319066,0.0287335236218937,3,54,FALSE
"54","1_122_8",0,0.0195662672468306,0.214778047802059,0.324602752182248,0.156203930830196,0.214778047802059,0.601727868839579,0.400450595904495,0.0332448816222664,0.524228760099467,0.584371602227089,0.968114920532547,0.790873897661083,0.934352690026882,0.1994731338558,0.485175678525996,0.071460003824285,0.319218244637873,0.522592544240984,0.812979212271887,0.840585272660043,1,64,FALSE
"55","1_122_11",0,0.0339557634374838,0.213582823024108,0.312701032677789,0.151567262055805,0.213582823024108,0.612263995576075,0.143461132094254,0.0130376229009918,0.846204639247697,0.355976898488015,0.873617402027135,0.814484583745242,0.989924671307061,0.577840316216102,0.465304534622842,0.203365214832812,0.542595441546105,0.338494778350054,0.813018029888663,1,1,64,FALSE
"56","1_122_13",0,0.0267955018731766,0.213871511195139,0.308521377198664,0.15011991719435,0.213871511195139,0.623330890262343,0.291821487080771,0.0652515752609912,0.999789661334204,0.434378154719437,0.610330516233167,0.342289099285701,0.927026210807188,0.394051226135794,0.208808824850881,0.510891424175285,0.569301539998849,0.378806080326004,0.893386461736692,0.593266687546577,3,54,FALSE
"57","1_123_1",0,0.0227320855296737,0.21432599929439,0.319628586709677,0.154467826888067,0.21432599929439,0.840237473974982,0.568417481600417,0.14617322908311,0.555987029440876,0.408698552765909,0.863031906224757,0.64517269389685,0.909939877426164,0.147438168282895,0.242713452756172,0.291873384558294,0.97951533547675,0.47913043918701,0.783432516806756,0.502457142928289,1,64,FALSE
"58","1_123_5",0,0.0301128764864941,0.213871021823107,0.310377366447402,0.150935188114805,0.213871021823107,0.472271354033208,0.620442053118774,0.151599159232271,0.484346321932074,0.140695920064305,0.27618087293387,0,0.985596455957269,0.362915854185254,0.261607525257193,0.842875256769372,0.850599117946589,0.403869399124849,0.647800550687827,0.212222550345013,3,54,FALSE
"59","1_123_10",0,0.0426575991231256,0.213288682101878,0.310377759422267,0.150975848253434,0.213288682101878,0.755134031609162,0.313691230176968,0.236323495162389,0.398193012727084,0.39798198133667,0.664088737924012,0.990207435159281,0.794894962109432,0.260533075298546,0.80123965477892,0.0894158559311413,0.366297707869278,0.372194985025078,0.875273860337496,0.753710244355383,1,64,FALSE
"60","1_124_7",0,0.0420309038057792,0.213235574647941,0.311863836342106,0.151449376598386,0.213235574647941,0.619330772480822,0.574363561237731,0.148741023214275,0.711887411789081,0.316194464478847,0.406068728589123,0.675701088641428,0.691614014336287,0.399167806817731,0.422390695188071,0.302378201288352,0.667454172502903,0.35161718122873,0.598869693068459,0.34676544695087,1,64,FALSE
"61","1_124_13",0,0.025733654041446,0.214142796823035,0.322095180487382,0.155348444110409,0.214142796823035,0.518623892435548,0.23868420870169,0.127450840185152,0.91288866043325,0.0426698295244702,0.751607831988853,0.899143844980874,0.873102300518766,0.287823139544387,0.568981477759282,0.403636422374372,0.42899523435817,0.421485435706115,0.691134103640421,0.586611662834691,1,64,FALSE
"62","1_124_15",0,0.0195299711586505,0.21543424953003,0.313085542985944,0.151859716442436,0.21543424953003,0.827336814722791,0.689016615540988,0.134892159296485,0.48288250180676,0.420311371760741,0.593009518545339,0.641819623823514,0.901744905546743,0.323028422806228,0.340740457272964,0.66061079107473,0.860785964277819,0.68067912981335,0.891018202879596,0.534509263576821,1,64,FALSE
"63","1_125_4",0,0.0195291263566584,0.214794651267008,0.325239318521314,0.156537128162314,0.214794651267008,0.161274209900438,0.0171151065273603,0.10232556640492,0.843476330451931,0.598846794869265,0.654540080539159,0.0034133690558942,0.925052322158061,0.305571636052245,0.160519818527538,0.434389621507118,0.965553091208701,0.56504091986422,0.992995802286594,0.414648203760857,3,54,FALSE
"64","1_125_7",0,0.0447706186608144,0.213073460523757,0.302092854897641,0.147637149630474,0.213073460523757,0.649507639665745,0.189541164065693,0.0898321039478876,0.913834673438466,0.201599689710458,0.575011187321853,0.203075412810048,0.977922189996019,0.640390509578821,0.207890927207128,0.537705174573488,0.604378116378794,0.319011030236353,0.935643540547794,0.538730764049042,3,54,FALSE
"65","1_126_8",0,0.0201579228253899,0.214579956084632,0.325086124520808,0.15653598472662,0.214579956084632,0.468161285848395,0.281370965880908,0.0796368766859358,0.596615876345574,0.584371602227089,0.808255121048923,0.265618268379121,0.98043374646193,0.0541074675432742,0.237662841353083,0.146463398974956,0.985954070525359,0.487949157623851,0.774443013693484,0.938078550050793,3,54,FALSE
"66","1_127_2",0,0.0430752790055323,0.213167432833109,0.297737645628196,0.145942421864797,0.213167432833109,0.8387600836509,0.661731125439695,0.138344589791323,0.440812471856562,0.00888198430682733,0.898624829515144,0.832803343489109,0.929749464550127,0.364048957585498,0.494484947429418,0.200758816326479,0.653985967028464,0.317771316062873,0.866216158723481,0.727709615477706,1,64,FALSE
"67","1_127_12",0,0.0656413794040608,0.211515202629369,0.292389058027065,0.144136938079535,0.211515202629369,0.148187796048154,0.331029588580244,0.258297087212713,0.640571574171103,0.0638017231205345,0.782266626412731,0.628540215560743,0.946196290902685,0.178702198407178,0,0.294822119383078,0.706676018122183,0.234874284599007,0.991240485428673,0.594143151580803,3,54,FALSE
"68","1_128_1",0,0.0235278517411704,0.214232851356192,0.318771423190404,0.154033700927282,0.214232851356192,0.719125890218109,0.997347736142382,0,0.72925413566443,0.401742820679733,0.920848722833525,0.356520302828945,0.717700953455724,0.241837509807953,0.536977936986094,0.786698961719896,0.886821331202195,0.412460304635018,0.823888191177902,0.852280204145711,1,64,FALSE
"69","1_128_7",0,0.0418820443259187,0.2132918870466,0.311285647473296,0.151233971852305,0.2132918870466,0.947589664860795,0.94616989508405,0.148741023214275,0.711887411789081,0.316194464478847,0.579151524667012,0.797508841660636,0.691614014336287,0.399167806817731,0.422390695188071,0.347688839439003,1,0.35161718122873,0.598869693068459,0.34676544695087,1,64,FALSE
"70","1_128_10",0,0.0215801313608841,0.214265071497706,0.319568111981353,0.154308256633214,0.214265071497706,0.779488400149912,0.468130598963818,0.0807327810647463,0.651659981525547,0.44272704542535,0.725787181873925,0.371084912770261,0.974453689787807,0.40937766102938,0.243791841703437,0.263316994683126,0.81297691425518,0.467786481439454,0.768300396199049,0.669507021983086,3,54,FALSE
"71","1_128_15",0,0.0253873977507894,0.213954063393339,0.31246076203273,0.151583545322396,0.213954063393339,0.650795835708843,0.689016615540988,0.0422693234169972,0.867976603468424,0.269196612138015,0.652328579927887,0.364933405745349,0.88820536884737,0.431981276779798,0.520165326401283,0.552457027113728,0.95076653606735,0.400885638917964,0.917280154478431,0.403206196636859,3,54,FALSE
"72","1_129_2",0,0.0410576162047307,0.213092713035611,0.304379448608553,0.148560714757063,0.213092713035611,0.8387600836509,0.661731125439695,0.138344589791323,0.72682995947523,0.196301430836196,0.898624829515144,0.832803343489109,0.929749464550127,0.364048957585498,0.475008823365672,0.200758816326479,0.653985967028464,0.317771316062873,0.866216158723481,0.679332519064457,1,64,FALSE
"73","1_129_11",0,0.0203952825287171,0.214641641598919,0.317889728298943,0.153616269764267,0.214641641598919,0.591052132459971,0.494291034224838,0.0499088132402461,0.318827605516967,0.233212543076314,0.481828868093723,0.115750475570358,0.832717534953068,0.364175880583191,0.580230180592987,0.501864489800463,0.99650659301163,0.530983758327949,0.798241051356417,0.578213309250275,3,54,FALSE
"74","1_129_12",0,0.0285824606100755,0.213774026934586,0.310211044469658,0.150853192629325,0.213774026934586,0.586303195007732,0.261368492910702,0.0600334943324636,0.725801036722063,0.300408111970629,1,0.0994644879921234,0.988514325531493,0.178702198407178,0.211217767219113,0.0986081571784777,0.501420978384186,0.34877129421934,0.991240485428673,0.929585482648334,3,54,FALSE
"75","1_130_1",0,0.0290581084358311,0.213944425391464,0.31788558986128,0.153805702188158,0.213944425391464,0.719125890218109,0.997347736142382,0.115211862796584,0.935149329063838,0.424164674685493,0.920848722833525,0.356520302828945,0.717700953455724,0.350018992825701,0.0235441738163718,0.786698961719896,0.886821331202195,0.412460304635018,0.804516117596712,0.847261256357011,1,64,FALSE
"76","1_130_6",0,0.0424677076605843,0.213115995329758,0.306037753100105,0.149177684545373,0.213115995329758,0.855869207877132,0.880386517575243,0.0684987785021454,0.710126727798013,0.269291842929253,0.821979978124112,0.949813435925287,0.890187685569187,0.341941177552958,0.405741579671384,0.137147186068414,0.357002493290553,0.289519021248479,0.882473266866317,0.235383408716316,1,64,FALSE
"77","1_130_8",0,0.0215106561780083,0.214481125091472,0.324906524573651,0.156527185426563,0.214481125091472,0.468161285848395,0.281370965880908,0.133356831219817,0.596615876345574,0.584371602227089,0.808255121048923,0.265618268379121,0.98043374646193,0.0541074675432742,0.237662841353083,0.146463398974956,0.985954070525359,0.487949157623851,0.774443013693484,0.938078550050793,3,54,FALSE
"78","1_130_9",0,0.0678984988051932,0.211404608366932,0.292528607048276,0.143909350546913,0.211404608366932,0.511734737010807,0.765017155269038,0.0909698671925402,0.998000560546214,0.121416643112587,0.755828180924943,0.750930057677872,0.911488335771546,0.43703528668354,0.567969947180307,0.0394987972243874,0.393383272457204,0.18251447841502,0.75418255959007,0.83657154294998,1,64,FALSE
"79","1_130_11",0,0.031289424316217,0.213745248366235,0.30508474680565,0.148665883824675,0.213745248366235,0.570726714730683,0.332112909379443,0.0130376229009918,0.846204639247697,0.267066840060198,0.943063633670246,0.274840983482995,0.987668119215643,0.577840316216102,0.465304534622842,0.0357539225026348,0.476716300535395,0.354937203826345,0.813018029888663,1,1,64,FALSE
"80","1_130_13",0,0.0440071692706905,0.212987043561062,0.297505051529072,0.14580781804222,0.212987043561062,0.630837674613215,0.483482954384965,0.0908093215086322,0.913539869447047,0.163134605158778,0.565953808177074,0.746001208631144,0.928305373148538,0.476891666290097,0.159557044931106,0.628470197631,0.827737790485239,0.294132685974739,0.977676915697735,0.537745598763021,1,64,FALSE
"81","1_130_15",0,0.024694186501088,0.213973483651625,0.312748036503707,0.1517048843892,0.213973483651625,0.650795835708843,0.689016615540988,0.0422693234169972,0.769280820917326,0.269196612138015,0.652328579927887,0.364933405745349,0.88820536884737,0.357139196592793,0.538312104032814,0.552457027113728,0.95076653606735,0.400885638917964,0.99450424433648,0.403206196636859,3,54,FALSE
"82","1_131_2",0,0.047017540107994,0.212741506006704,0.30615547064279,0.149407617350994,0.212741506006704,0.8387600836509,0.319612627377724,0.152555926538234,0.72682995947523,0.196301430836196,0.898624829515144,0.620428209224297,1,0.161425694979017,0.475008823365672,0.200758816326479,0.294509520954474,0.276079840303973,0.925384423394039,0.679332519064457,1,64,FALSE
"83","1_131_5",0,0.033471576864618,0.213707306531148,0.317953976003676,0.153783739246628,0.213707306531148,0.5491905957355,0.375615771637605,0.151599159232271,0.0593111507759679,0.44329429117828,0.810295039066981,0.0604704367830204,0.985596455957269,0.362915854185254,0.730782468332899,0.855563037333626,0.547268866299427,0.403869399124849,0.895816730720355,0.0376339749567229,3,54,FALSE
"84","1_131_10",0,0.0295878701400067,0.213845048467285,0.308250778401059,0.150004654547951,0.213845048467285,0.923031965546455,0.0771588442727371,0.0938902417359395,0.530546692528731,0.32961661460423,0.353676011186902,0.0422393997412626,0.922845306259298,0.39321866503024,0.022296653341778,0.543459628018902,0.807477185694727,0.3955644392448,0.999163136975709,0.406531379880294,3,54,FALSE
"85","1_131_11",0,0.0196654606968867,0.214727128685532,0.331097989641332,0.158651782606328,0.214727128685532,0.638633626878932,0.534176081940943,0.0499088132402461,0.318827605516967,0.0623640627897829,0.569084990436705,0.364894182744458,0.992685211110265,0.364175880583191,0.580230180592987,0.595784389994107,0.91602523477576,0.530983758327949,0.798241051356417,0.578213309250275,3,54,FALSE
"86","1_132_5",0,0.0271086304954074,0.214015218958017,0.307660161631277,0.149673144575655,0.214015218958017,0.787295469847156,0.589173806846153,0.0420388992231728,0.768015412521521,0.239577313472424,0.800793673797096,0.47341558486192,0.833637866237203,0.500004218154346,0.805580656716216,0.36994995632964,0.752522856736726,0.412698722395429,0.908161795772439,0.322113262306294,1,64,FALSE
"87","1_132_6",0,0.0411012485862349,0.213253727573092,0.308801674967491,0.150295913959671,0.213253727573092,0.855869207877132,0.880386517575243,0.0684987785021454,0.934500550919076,0.257590561963174,0.821979978124112,0.949813435925287,0.890187685569187,0.306869310456846,0.476088918755643,0.137147186068414,0.357002493290553,0.289519021248479,0.587406444744755,0.875344282545548,1,64,FALSE
"88","1_132_8",0,0.02243182540948,0.214117824662217,0.313049696586641,0.151815454588836,0.214117824662217,0.468161285848395,0.289731382840799,0.0251526719217827,0.919154904297671,0.464376844198127,0.808255121048923,0.326954933125129,0.937707718168034,0.326062474325676,0.214579628181283,0.146463398974956,0.652632046079971,0.400634695764215,0.869597772217685,0.66222905996092,3,54,FALSE
"89","1_132_10",0,0.021445265996415,0.214551008391025,0.306113800987865,0.149104609137981,0.214551008391025,0.779488400149912,0.468130598963818,0.0807327810647463,0.651659981525547,0.44272704542535,0.757305361258764,0.371084912770261,0.974453689787807,0.40937766102938,0.243791841703437,0.263316994683126,0.98433895434404,0.467786481439454,0.768300396199049,0.669507021983086,3,54,FALSE
"90","1_132_11",0,0.0339571150848095,0.213602697910547,0.312634319493366,0.151536036726442,0.213602697910547,0.664189471830028,0.143461132094254,0.0130376229009918,0.846204639247697,0.355976898488015,0.873617402027135,0.855112342485061,0.989924671307061,0.577840316216102,0.465304534622842,0.203365214832812,0.542595441546105,0.338494778350054,0.813018029888663,1,1,64,FALSE
"91","1_132_15",0,0.0276189344683086,0.213873388238935,0.312091505403938,0.151422523684377,0.213873388238935,0.650795835708843,0.689016615540988,0.0422693234169972,0.804064648079501,0.269196612138015,0.652328579927887,0.364933405745349,0.88820536884737,0.499888795049671,0.538312104032814,0.552457027113728,0.95076653606735,0.400885638917964,0.997115251522482,0.403206196636859,3,54,FALSE
"92","1_133_1",0,0.0378713262506992,0.213583956810495,0.312916320931136,0.152099822063597,0.213583956810495,0.616736048789648,0.86390525582009,0.245695133030054,0.555987029440876,0.459925919482872,0.816350333216995,0.570346190171798,0.723539535296992,0.147438168282895,0.333456503811562,0.210429425019082,0.890059606752706,0.413443824872142,0.783432516806756,0.778920076554028,1,64,FALSE
"93","1_133_5",0,0.0230222585978463,0.214493400463418,0.317342523632639,0.153379004751639,0.214493400463418,0.681204484451312,0.721739192903951,0.0885526394073049,0.0593111507759679,0.44329429117828,0.810295039066981,0.902488155154564,0.842367465528026,0.384140600010787,0.730782468332899,0.855563037333626,0.60889345193413,0.517722291620162,0.790821426907421,0.0376339749567229,1,64,FALSE
"94","1_133_8",0,0.0526472397220657,0.212872382657462,0.316611972955388,0.153383301149993,0.212872382657462,0.551126359966915,0.0174935449498027,0.270315921098053,0.983201644466913,0.115684560103094,0.826136726611125,0.989583746754366,0.808506431696535,0.376110528647599,0.522152448446697,0.0336552197891392,0.314752594963728,0.315076289202289,0.763957927363542,0.489887030739548,1,64,FALSE
"95","1_133_10",0,0.0214938535119907,0.214450851690321,0.32452027583316,0.156231491992063,0.214450851690321,0.555628400623148,0.424977551473649,0.0938902417359395,0.530546692528731,0.617195516498514,0.61259715415109,0.193031636392723,0.969100957829769,0.39321866503024,0.022296653341778,0.354185669664906,0.657684554558278,0.493069222997879,0.999163136975709,0.619839324333901,3,54,FALSE
"96","1_133_12",0,0.0195969646268379,0.214767287481549,0.326121216313833,0.15687062598615,0.214767287481549,0.524683001770588,0.331029588580244,0.0648883568207403,0.398845909456306,0.610194204767511,0.905133920476102,0.628540215560743,0.946196290902685,0.0243265970129896,0.559583089881802,0.410664805334737,0.706676018122183,0.528204593357451,0.887885640671396,0.575313284675764,3,54,FALSE
"97","1_134_10",0,0.0498863237727027,0.212717036299586,0.298686661930484,0.146424510464116,0.212717036299586,0.795450214971945,0.329101633842761,0.0931385635025303,0.662460209045497,0.44272704542535,0.84416364280489,0.176737436447466,0.881109208669241,0.250782979068307,0.155697171151578,0.142785452394277,0.347095588271324,0.260726817766743,0.839473925409034,0.669507021983086,3,54,FALSE
"98","2_34_5",0,0.0195301541957317,0.215713175841421,0.338374400944085,0.161384707229041,0.215713175841421,0.823008359578991,0.709135089497555,0.0470103264715101,0.189501639845759,0.216902472949436,0.351650755364328,0.894328004427092,0.88307490948943,0.44209550804115,0.251565771028046,0.586863071845175,0.972708231442768,0.95321163287915,0.8159393126904,0.332182015894277,1,64,FALSE
"99","2_36_5",0,0.0195294846714647,0.215598506704448,0.334624219167033,0.159994890138428,0.215598506704448,0.422955089403361,0.311103770551164,0.0470103264715101,0.189501639845759,0.84645939023919,0.61981722758961,0.302894672557932,0.88307490948943,0.44209550804115,0.251565771028046,0.564345716812704,0.825075995587958,0.95321163287915,0.8159393126904,0.667741204918927,3,54,FALSE
"100","2_68_13",0,0.0196246955256858,0.214888479643236,0.319032769225257,0.154074104421587,0.214888479643236,0.407469343514436,0.145466585875089,0.0719172382601791,0.920307444541444,0.892374735922326,0.539168029316872,0.606174618660059,0.971678550291307,0.41496677027697,0.347290092529479,0.54706437091126,0.405278990633962,0.562226490668487,0.616776767064158,0.450857691410119,3,54,FALSE
"101","2_70_13",0,0.0196246955256858,0.214888479643236,0.319032769225257,0.154074104421587,0.214888479643236,0.154114134169781,0.145466585875089,0.0719172382601791,0.920307444541444,0.892374735922326,0.93342682234312,0.606174618660059,0.971678550291307,0.41496677027697,0.347290092529479,0.642105328466233,0.405278990633962,0.562226490668487,0.616776767064158,0.450857691410119,3,54,FALSE
"102","2_76_13",0,0.0196246955256858,0.214888479643236,0.319032769225257,0.154074104421587,0.214888479643236,0.407469343514436,0.145466585875089,0.0719172382601791,0.920307444541444,0.850128470850441,0.539168029316872,0.606174618660059,0.971678550291307,0.41496677027697,0.347290092529479,0.54706437091126,0.405278990633962,0.562226490668487,0.616776767064158,0.450857691410119,3,54,FALSE
"103","2_107_11",0,0.0762815638713693,0.211105707609941,0.298827604420278,0.147004292445975,0.211105707609941,0.254107810042142,0.043841083868386,0.457739325602325,0.84346331614415,1,0.501249376513456,0.192622945036955,0.862084108206604,0.166933484110788,0.0180418007697473,0.34457753467081,0.510730830218002,0.26977316736911,0.808105277066058,0.535109537966082,3,54,FALSE
"104","2_131_11",0,0.0549677834201012,0.212439692284131,0.296595296848065,0.145543635501596,0.212439692284131,0.0587548415527043,0.323353844594538,0.114796289292575,0.158231484077986,0.864549156510704,0.62491225554672,0.0845544133850423,0.974645842258512,0.312303127860918,0.0853036886041729,0.78458438998192,0.640196220347698,0.256715331132618,0.983641494933981,0.369817328785088,3,54,FALSE
"105","2_133_11",0,0.0549677834201012,0.212439692284131,0.296595296848065,0.145543635501596,0.212439692284131,0.0587548415527043,0.323353844594538,0.114796289292575,0.158231484077986,0.864549156510704,0.62491225554672,0.0845544133850423,0.974645842258512,0.312303127860918,0.0853036886041729,0.673365695856442,0.640196220347698,0.256715331132618,0.983641494933981,0.369817328785088,3,54,FALSE
"106","3_69_9",0,0.148771831026439,0.163740552086682,0.207853589030906,0.0815594975801443,0.163740552086682,0.542173095305452,0.139291704035802,0.475634360953163,0.902506796960999,0.150485709607498,0.522035183606322,0.90374724194367,0.435488239480931,1,0.156066228223985,0.785062281633708,0.907166881109724,0.0172226481020964,0.615356254036995,0.36978009780109,2,14,FALSE
"107","3_71_9",0,0.118412539025336,0.188010776119096,0.208517031850071,0.0850915709511576,0.188010776119096,0.542173095305452,0.64094993921763,0.0391219053418099,0.801332509617217,0.150485709607498,0.522035183606322,0.90374724194367,0.0126969121994678,0,0.156066228223985,0.785062281633708,0.995781059067268,0.0568437007442229,0.845393669856453,0.36978009780109,2,14,FALSE
"108","3_73_9",0,0.148771831026439,0.163740552086682,0.207853589030906,0.0815594975801443,0.163740552086682,0.542173095305452,0.139291704035802,0.475634360953163,0.902506796960999,0.150485709607498,0.734821823059493,0.90374724194367,0.435488239480931,1,0.156066228223985,0.785062281633708,0.907166881109724,0.0172226481020964,0.615356254036995,0.36978009780109,2,14,FALSE
"109","3_75_9",0,0.079603276341296,0.202668101710728,0.196576648142189,0.0813491072548015,0.202668101710728,0.542173095305452,0.129436966563291,0.429085214693004,0.935718322392464,0.150485709607498,0.522035183606322,0.90374724194367,0.693583453303284,0.642349056106623,0.33319689082256,0.785062281633708,0.479920792810782,0.305798056483747,0.622706025031379,0.36978009780109,2,14,FALSE
"110","3_79_9",0,0.125089057298296,0.175050300902506,0.186390792636841,0.0725393062632843,0.175050300902506,0.542173095305452,0.342433328226078,0.464940425040535,1,0.240692031609562,0.776229577490329,0.90374724194367,0.38478239655447,0.94058259187275,0.101571026402686,1,0.661372017735534,0.121315265381798,0.618222580209815,0.334407416236764,2,14,FALSE
"111","3_92_2",0,0.0686106287320071,0.199426907020254,0.151132522880542,0.0641329148590368,0.199426907020254,0.415974112012197,0.735706881657181,0.367114017076699,0.840879111430176,0.0784495291804855,0.18179026962476,0.98919794680511,0.48683901733537,0.434540448450946,0.16124297781655,0.993187657753839,0.195832234595165,0.00772870119209695,0.461338365464332,0.78322478649251,2,14,FALSE
"112","3_102_1",0,0.0195292805449771,0.215786653900489,0.333060273985131,0.159619137255407,0.215786653900489,0.608461279278434,0.444901618122662,0.0950591550487451,0.747288240585069,0.499478029634176,0.714186725053877,0.293180817268984,0.593048343335293,0.00324549655497527,0.602066806133555,0.0326965788002495,0,0.920893214051676,0.812764583817233,0.520526648289478,1,64,FALSE
"113","3_110_5",0,0.0195302452106037,0.215017533288466,0.333571947513955,0.159635777079045,0.215017533288466,0.359076939501837,0.43671273636365,0.10906238269855,0.814111351602927,0.831783092690053,0.702577753632317,0.741984990361518,0.897236430366734,0.332705407109573,0.548262023750467,0.492653773875736,0.875671344104047,0.593636389332504,0.818885952528614,0.560422737304488,3,54,FALSE
"114","3_111_9",0,0.0195290742968069,0.218187708162599,0.301870718886993,0.147460228697858,0.218187708162599,0.556652665407311,0.0462667227901188,0.0941429876266116,0.853757272499996,0.0359013495213497,0.330895620978833,1,0.457918123830278,0.219500702569256,0.760183664804446,0.824841278888829,0.463778016093793,0.959512347102714,0.82757812879277,0.488823917547679,2,14,FALSE
"115","3_116_5",0,0.0195842209489154,0.214926006547717,0.333727367418877,0.159649916763624,0.214926006547717,0.510384954168339,0.36482073639932,0.0423984309094686,0.808005936075075,0.419608179401333,0.646053165671461,0.900990803617253,0.817555305738326,0.263930085520676,0.182134764412104,0.170745755390414,0.648080053672024,0.511256757735521,0.96333695464021,0.351895566422756,1,64,FALSE
"116","3_118_5",0,0.0195302452106037,0.215017533288466,0.333571947513955,0.159635777079045,0.215017533288466,0.359076939501837,0.43671273636365,0.10906238269855,0.814111351602927,0.831783092690053,0.702577753632317,0.741984990361518,0.897236430366734,0.332705407109573,0.548262023750467,0.492653773875736,0.875671344104047,0.593636389332504,0.818885952528614,0.541187573142557,3,54,FALSE
"117","3_120_14",0,0.0195296992776456,0.215777640635434,0.334909620063923,0.160222077906987,0.215777640635434,0.751495106969781,0.225771189023378,0.0957168659560788,0.708405958723059,0.982843116814243,0.152238930171571,0.0694061940119005,0.804101246386655,0.387883213052446,0.898422500470343,0.553309030820715,0.714414299814108,1,0.231266247900464,0.780858331091608,3,54,FALSE
"118","3_123_5",0,0.0634235265689804,0.212089412576999,0.30088974730963,0.147146001757291,0.212089412576999,0.653184959773728,0.00464204646329696,0.0746618922584367,0.840663455432402,0.293089854420431,0.103816960732682,0.71322551400028,0.614930297206509,0.314386130211595,0.309684515924092,0.741195613593163,0.544604599941738,0.222614219922253,0.506138056660875,0.272795443395263,2,14,FALSE
"119","3_124_5",0,0.0201416568516484,0.21474951263965,0.32371824022033,0.15594542688243,0.21474951263965,0.444714751414566,0.553405132986472,0.10906238269855,0.814111351602927,0.946112745806305,0.566894763077948,0.464032868777334,0.664311749893627,0.332705407109573,0.730311629765482,0.50048990340616,0.778056454571679,0.593636389332504,0.818885952528614,0.837619458469189,3,54,FALSE
"120","3_125_5",0,0.0614275087787715,0.212244878501059,0.305022505266767,0.148739299276995,0.212244878501059,0.534880381817035,0.223525447968029,0.0746618922584367,0.840663455432402,0.225049185257002,0.0748580527337624,0.921025546572638,0.700236679868491,0.314386130211595,0.198918847996765,0.748798337933087,0.434908149339455,0.222614219922253,0.506138056660875,0.0163012113457249,2,14,FALSE
"121","3_127_5",0,0.0614275087787715,0.212244878501059,0.305022505266767,0.148739299276995,0.212244878501059,0.534880381817035,0.223525447968029,0.0746618922584367,0.840663455432402,0.225049185257002,0.440410318076642,0.921025546572638,0.700236679868491,0.314386130211595,0.198918847996765,0.748798337933087,0.434908149339455,0.222614219922253,0.506138056660875,0.0163012113457249,2,14,FALSE
"122","3_128_5",0,0.0195854937138755,0.21482838697615,0.323708363513574,0.155955345818689,0.21482838697615,0.444714751414566,0.824379639087396,0.10906238269855,0.814111351602927,0.946112745806305,0.566894763077948,0.464032868777334,0.816635190558618,0.332705407109573,0.730311629765482,0.50048990340616,0.778056454571679,0.593636389332504,0.818885952528614,0.837619458469189,3,54,FALSE
"123","3_128_7",0,0.0378102833441279,0.213584255848025,0.315871796561889,0.153021176785866,0.213584255848025,0.225938693302535,0.305719364353966,0.00386116581088549,0.942002482467955,0.591306447140131,0.0923094174891038,0.744196516629831,0.978272617119868,0.0379133415582603,0.526328016373903,0,0.859536400932414,0.286266335174851,0.623990085483592,0.994876080394007,3,54,FALSE
"124","3_134_5",0,0.0195856610122878,0.21482758310497,0.323894318814188,0.156025959126384,0.21482758310497,0.444714751414566,0.824379639087396,0.10906238269855,0.814111351602927,0.678309899558678,0,0.464032868777334,0.816635190558618,0.332705407109573,0.730311629765482,0.50048990340616,0.778056454571679,0.593636389332504,0.818885952528614,0.837619458469189,3,54,FALSE
"125","4_62_5",0,0.0195289585029439,0.216066349473688,0.348484924078339,0.165282786569143,0.216066349473688,0.735752644421748,0.621380518369248,0.173587614949166,0.902736408917849,0.472522869585408,0.474250518607482,0.929793389537903,0.899428730473547,0.186555073848605,0.802446208793881,0.726566389953869,0.261125493924451,0.787528325069489,0.396454963202302,0.0744323094119475,1,64,FALSE
"126","4_77_2",0,0.0518188370605006,0.212908801889684,0.314561911171982,0.152371755462736,0.212908801889684,0.992297739252387,0.587728748836806,0.0591868004426838,0.992542046069649,0,0.0129087700212999,0.594765341000084,0.792261888284488,0.666052339220998,0.541861777957762,0.93335952017101,0.674148259392086,0.282732209481543,0.554793785743589,0.654396568806943,2,14,FALSE
"127","4_90_4",0,0.0478360217702128,0.213126122775992,0.309997103456037,0.150918657060178,0.213126122775992,0,0.293544080831678,0.318394102981696,0.142331207366254,0.374872984124524,0.703617542554832,0.176509406794301,0.991533027362722,0.498013534223863,0.854966700015485,0.508797971957411,0.969706457678704,0.414486712549708,0.971323091849052,0.160346789812294,3,54,FALSE
"128","4_92_4",0,0.0695316121676794,0.211729707161555,0.311017744170625,0.15106517880722,0.211729707161555,0,0.293544080831678,0.117927273858884,0.822499878406584,0.0749745968294728,0.703617542554832,0.176509406794301,0.991533027362722,0.584686902233883,0.604482762279423,0.508797971957411,0.969706457678704,0.199141680755287,0.421258061312159,0.555586613008013,3,54,FALSE
"129","4_94_4",0,0.0695778656591346,0.211723996996893,0.311047191381116,0.151067829238207,0.211723996996893,0.288884814503901,0.0792935736303258,0.117927273858884,0.822499878406584,0.0749745968294728,0.505453735145842,0.215143305523523,0.991533027362722,0.584686902233883,0.604482762279423,0.49184034073676,0.912506945735287,0.199141680755287,0.421258061312159,0.555586613008013,3,54,FALSE
"130","4_133_4",0,0.0195290907299407,0.215715496793238,0.343968137140685,0.163591299450511,0.215715496793238,0.34514263274426,1,0.111370459762828,0.458987981445679,0.117160253537013,0.466537762736311,0.802862870376926,0.788444931181096,0.147423292400572,0.255284388323704,0.446497579938587,0.669089225760191,0.739535581153381,0.425356681703189,0.401283564701709,1,64,FALSE
"131","5_115_9",0,0.140838094308919,0.186688149695788,0.144974634991996,0.0591857560243352,0.186688149695788,0.157369268064678,0.183548817167456,1,0,0.725702549255415,0.656204916590316,0.702790954869024,0,0.158258906614349,0.663365777786733,0.89045525951528,0.970856223327132,0.00125441487075137,0.574744510255496,0.78981221136561,2,14,FALSE
"132","5_117_9",0,0.140838094308919,0.186688149695788,0.144974634991996,0.0591857560243352,0.186688149695788,0.157369268064678,0.183548817167456,1,0,0.725702549255415,0.116691355697868,0.702790954869024,0,0.158258906614349,0.663365777786733,0.801746273193568,0.970856223327132,0.00125441487075137,0.574744510255496,0.78981221136561,2,14,FALSE
