"","Affiliate_Impressions_alphas","Affiliate_Impressions_gammas","Affiliate_Impressions_thetas","Email_Impressions_alphas","Email_Impressions_gammas","Email_Impressions_thetas","Facebook_Impressions_alphas","Facebook_Impressions_gammas","Facebook_Impressions_thetas","Google_Impressions_alphas","Google_Impressions_gammas","Google_Impressions_thetas","Organic_Views_alphas","Organic_Views_gammas","Organic_Views_thetas","train_size","Google_Impressions_inflexion","Facebook_Impressions_inflexion","Affiliate_Impressions_inflexion","Organic_Views_inflexion","Email_Impressions_inflexion","Google_Impressions_inflation","Facebook_Impressions_inflation","Affiliate_Impressions_inflation","Organic_Views_inflation","Email_Impressions_inflation","rsq_train","rsq_val","rsq_test","nrmse_train","nrmse_val","nrmse_test","nrmse","decomp.rssd","mape","lambda","lambda_hp","lambda_max","lambda_min_ratio","pos","Elapsed","ElapsedAccum","solID","trial","iterNG","iterPar","iterations","coef0","mape.qt10","robynPareto","error_score","cluster","top_sol"
"1",2.49322135375,0.38565504199,0.23823229155,1.76929322875,0.80867595149,0.12141725664,2.85980264775,0.55946320512,0.05461102743,1.04889158825,0.87113780164,0.24390245709,2.55883168075,0.82570112168,0.13510882842,0.63491753957,2455666.61530016,656628.29486707,7711.60078332252,37438.6312399674,843329.957526395,1.31923270801879,1.0572440815774,1.30960818962996,1.15172441043993,1.13707906923023,0.0866332851177904,-0.115004201731471,-0.505245683030185,0.151971122004681,0.213102726920975,0.312687324322884,0.213102726920975,0.0504574940487895,0,863705.991540199,0.1526557707,5654727.87225015,1e-04,0,0.244479656219482,18.9658153057098,"1_31_15",1,31,15,465,TRUE,TRUE,3,0.0289693245856221,1,FALSE
"2",2.9133326445,0.61919724053,0.23444324694,2.78278013725,0.84467143969,0.18835001853,2.94006169025,0.8343635815,0.016736705829,1.12354106975,0.52469426791,0.21552152313,2.972903934,0.74769722158,0.19533019665,0.62829382223,1438732.82846882,960120.673489242,12345.8625808633,36159.5164003576,907781.607569402,1.27198907761049,1.01687879948328,1.30319015491657,1.23518753955617,1.22998778751965,0.00324654193801466,-0.168021306973475,-0.677492906075213,0.159445802793242,0.21636376291705,0.329793925107465,0.21636376291705,0.0195293378242718,0,1508568.64232568,0.2667067309,5654727.87225015,1e-04,0,0.396480321884155,28.4371116161346,"1_47_8",1,47,8,698,TRUE,TRUE,3,0.0292476683723054,1,FALSE
"3",2.393625331,0.57423963553,0.19298704545,1.2237419675,0.7641848722,0.13578700227,2.9728538475,0.63321094772,0.0019126599225,1.13342049675,0.94437134188,0.16176493923,2.36639157075,0.63108300421,0.13922467722,0.64073142779,2459254.87118721,723144.786592052,11100.5078192557,28737.1201190744,801800.188497619,1.19118455862668,1.00190070488735,1.2368722399001,1.15706922105232,1.1558249041767,0.0478539242012724,-0.129708677608265,-0.597217632396601,0.155163751164425,0.214503304716647,0.322098445623195,0.214503304716647,0.0206562427539237,0,1100172.35174373,0.1944774135,5654727.87225015,1e-04,0,0.415740489959717,31.4267868995667,"1_51_13",1,51,13,763,TRUE,TRUE,1,0.028179716824895,3,FALSE
"4",2.84096497225,0.335808305148,0.10641958302,2.73712701625,0.68227853181,0.12082462953,2.96950218925,0.71195552076,0.021794209986,1.15161250575,0.85617768997,0.23694928752,1.9806398925,0.4795233678,0.12507219243,0.63496218431,2397129.89406043,821400.76149194,6110.23244200382,21518.059746284,711340.314485492,1.30733688214244,1.02209103497577,1.11806996774696,1.13889485524866,1.13631899042861,0.0323991541319043,-0.134269585433793,-0.628024252204629,0.156417953364339,0.214935869487572,0.325189875783173,0.214935869487572,0.0196095203460303,0,1250390.07347255,0.2210450483,5654727.87225015,1e-04,0,0.254558324813843,36.6702945232391,"1_60_15",1,60,15,900,TRUE,TRUE,3,0.0286070934533068,1,FALSE
"5",2.8353112725,0.54428606993,0.14896139766,2.3407513535,0.65574580888,0.11259460011,2.93719321625,0.54718868377,0.04328403759,1.067559888,0.96596204577,0.28090558764,2.90495774475,0.7475374036,0.09428936223,0.63992461508,2824386.36420956,638403.019004666,10194.9439639076,32514.4619956791,681358.557942186,1.38636311033295,1.04484269578961,1.17345847587395,1.10126343579357,1.12586738837307,0.0870317638013541,-0.11769450533226,-0.506278711385885,0.151937967819189,0.213359661211127,0.312794602315784,0.213359661211127,0.0391142072194365,0,872921.334833285,0.1542856042,5654727.87225015,1e-04,0,0.243422508239746,38.2617554664612,"1_63_2",1,63,2,932,TRUE,TRUE,1,0.0277439391106165,1,FALSE
"6",2.976540147,0.47167839717,0.12973920672,1.895829321,0.8856691848,0.13976960079,2.78542757275,0.309946492367,0.07494944493,1.149789934,0.99192755072,0.24985778844,2.8907509285,0.87247876637,0.03074793969,0.64043021132,2812550.5983369,367739.899613586,8718.31094879333,35674.4713579875,930866.106288615,1.32959471213336,1.08026088706739,1.14776662797965,1.03092119795877,1.16113003719587,0.772952472812702,0.0337155233083529,0.59139948468913,0.0757699267809133,0.198382453203849,0.162913110619192,0.198382453203849,0.0947028208436889,0,51426.1719652223,0.008995266776,5654727.87225015,1e-04,0,0.278615474700928,38.9086265563965,"1_64_1",1,64,1,946,TRUE,TRUE,2,0.0270120894679861,1,FALSE
"7",2.976540147,0.47167839717,0.12973920672,1.895829321,0.8856691848,0.13976960079,2.78542757275,0.309946492367,0.07494944493,1.05648971025,0.84468949913,0.18663052254,2.49872718475,0.98273561293,0.05253677784,0.64248823136,2252561.9745531,367739.899613586,8718.31094879333,41028.5012971094,930866.106288615,1.22724746272408,1.08026088706739,1.14776662797965,1.05401122486409,1.16113003719587,0.764318268536144,0.0183818234783799,0.585169502950898,0.0771971806334438,0.199950295780656,0.164150390225567,0.199950295780656,0.109066279450782,0,51426.1719652223,0.008995266776,5654727.87225015,1e-04,0,0.229763507843018,40.1020760536194,"1_66_1",1,66,1,976,TRUE,TRUE,3,0.0319688989794307,1,FALSE
"8",2.4226889675,0.45073101652,0.27871586751,2.38919976125,0.85868624364,0.21299505453,2.94810643475,0.55438696087,0.06361216335,1.069389845,0.80078054138,0.23162282463,2.68046121125,0.7506832407,0.12063542553,0.63485631032,2230403.15768697,653785.032794188,9300.07080076773,33533.0421697679,934235.424673582,1.29836812251923,1.06730933052882,1.38234880541291,1.13331377178646,1.26813270929933,0.0839596477183732,-0.115323609020079,-0.510291985811224,0.152193386927425,0.213133247743299,0.313211024428145,0.213133247743299,0.0462825302218171,0,889399.766361574,0.1571999937,5654727.87225015,1e-04,0,0.248650789260864,40.9715209007263,"1_67_14",1,67,14,1004,TRUE,TRUE,3,0.0285236267275622,1,FALSE
"9",2.96585876675,0.327650419132,0.27871586751,2.78845565325,0.89745903098,0.15921127503,2.9834463415,0.5586751167,0.04879128528,1.08662424125,0.9932632196,0.25535137344,1.7123203655,0.76469280186,0.09678480132,0.63485631032,2831598.8876199,653693.01009126,6760.51122320226,33343.7790867669,951432.490069203,1.33929857047914,1.05083604378646,1.38234880541291,1.10422154614145,1.18774174144262,0.0892475636445077,-0.119573057952314,-0.502887508103131,0.151753476928093,0.213538886874725,0.312442294411328,0.213538886874725,0.0352890637117014,0,889399.766361574,0.1571999937,5654727.87225015,1e-04,0,0.359040975570679,47.3765542507172,"1_77_14",1,77,14,1154,TRUE,TRUE,2,0.0273953619470405,1,FALSE
"10",2.96585876675,0.327650419132,0.25785924711,2.3292572455,0.6499932807,0.12758551932,2.9834463415,0.5586751167,0.04879128528,1.08662424125,0.9932632196,0.25535137344,1.7123203655,0.76469280186,0.09678480132,0.63485631032,2831598.8876199,653693.01009126,6651.3326903396,33343.7790867669,679605.462661619,1.33929857047914,1.05083604378646,1.34389207886571,1.10422154614145,1.14505090855568,0.0845756197418491,-0.118642666402588,-0.511270654747529,0.152142208705255,0.213450140514009,0.313312488337525,0.213450140514009,0.0354213341071199,0,889399.766361574,0.1571999937,5654727.87225015,1e-04,0,0.240347862243652,48.5603070259094,"1_79_14",1,79,14,1184,TRUE,TRUE,2,0.0275232972513289,1,FALSE
"11",2.5400054915,0.60622797975,0.29612421975,1.66133735675,0.6499932807,0.12758551932,2.9834463415,0.5586751167,0.04879128528,1.08662424125,0.99278268626,0.19456693896,2.12534215975,0.72054912662,0.19708489752,0.634538852,2667744.25768685,653693.01009126,12681.9694016933,34914.2755426847,679605.462661619,1.23922165829252,1.05083604378646,1.41617504120631,1.23780053141526,1.14505090855568,0.0472850049724077,-0.119219231349011,-0.590657979350752,0.155210100386142,0.213505141104841,0.32143634804601,0.213505141104841,0.0384467285923148,0,1104826.55007912,0.195300559,5654727.87225015,1e-04,0,0.245651483535767,49.6765718460083,"1_81_14",1,81,14,1214,TRUE,TRUE,3,0.0288559278528891,1,FALSE
"12",2.86808000725,0.362982323558,0.24987208686,2.88432115925,0.69604001087,0.12428567595,2.95210330225,0.65484287272,0.016783740075,1.15053520025,0.82108048993,0.20553243093,2.10662790625,0.47640820141,0.13269929223,0.6360557897,2229790.90708084,753560.442856133,7323.26386641342,21547.2118487749,726738.985583488,1.25615547677071,1.01692702968191,1.32972584436698,1.14861817204143,1.14077237634204,0.06473715342685,-0.131218260624753,-0.561146601494224,0.153781934771153,0.214646572822287,0.318440593766733,0.214646572822287,0.0213583300424988,0,1010597.29319823,0.178635092,5654727.87225015,1e-04,0,0.225894451141357,51.1398077011108,"1_84_1",1,84,1,1246,TRUE,TRUE,3,0.0276754304415498,1,FALSE
"13",2.82333971425,0.41044406093,0.26065549254,1.5146953825,0.78920602983,0.21374942424,2.946164423,0.47514817334,0.016963403319,1.1787595545,0.89172759681,0.26792358516,2.0427374165,0.92183269897,0.06202109196,0.63676912202,2573907.59482575,546827.298189433,8350.13707136447,38840.8045478864,858974.070238924,1.3620476984056,1.01711130307195,1.34892321879089,1.0643868156848,1.26933758650619,0.144116405700521,-0.108648924062555,-0.392267337914179,0.147111231255947,0.212494539812721,0.300723867807442,0.212494539812721,0.0540460714904488,0,660177.330740629,0.1166595176,5654727.87225015,1e-04,0,0.24353289604187,52.3803989887238,"1_86_4",1,86,4,1279,TRUE,TRUE,1,0.0279528442852891,1,FALSE
"14",2.82333971425,0.41044406093,0.26065549254,1.5146953825,0.78920602983,0.21374942424,2.946164423,0.47514817334,0.016963403319,1.1787595545,0.89172759681,0.26792358516,2.77473501375,0.81067252733,0.06202109196,0.63676912202,2573907.59482575,546827.298189433,8350.13707136447,34157.1450237635,858974.070238924,1.3620476984056,1.01711130307195,1.34892321879089,1.0643868156848,1.26933758650619,0.144116405700521,-0.108648924062555,-0.392267337914179,0.147111231255947,0.212494539812721,0.300723867807442,0.212494539812721,0.0540460714904488,0,660177.330740629,0.1166595176,5654727.87225015,1e-04,0,0.256162166595459,56.0426294803619,"1_92_4",1,92,4,1369,TRUE,TRUE,1,0.0279528442852891,1,FALSE
"15",2.85504928325,0.78811692853,0.23734459962,1.92909274725,0.83645703776,0.1811158719,2.979964197,0.53099345612,0.03961164933,1.04956349875,0.80833940269,0.27763252977,1.54917549825,0.88605417598,0.06472041294,0.63435187046,2355817.72642533,618317.900038052,15748.6109895267,37431.4693201433,895836.195141661,1.38015123116554,1.04088373209211,1.30809891456136,1.06737709359776,1.21922206418541,0.0445038199162249,-0.119107685063393,-0.596102926807868,0.155436481538682,0.21349450141147,0.321986029006691,0.21349450141147,0.0384478802443893,0,1115819.18659421,0.1972447261,5654727.87225015,1e-04,0,0.278364658355713,56.6754179000854,"1_93_4",1,93,4,1384,TRUE,TRUE,3,0.0289304622292699,1,FALSE
"16",1.87798557775,0.67443181034,0.2462097315,1.31454157325,0.84487572909,0.2008987002,2.95216623125,0.51345335963,0.05347496883,1.1112230525,0.84503303883,0.23286482139,2.6805265905,0.88124709426,0.05223753153,0.63617143322,2356511.54148692,602265.926797028,13568.5844373003,36780.8156815658,913613.088899633,1.30044840001567,1.05598709671227,1.32332964554041,1.05368713462217,1.24911961631401,0.0522332033286532,-0.112805446467426,-0.579215410530799,0.15480651159715,0.212892507099879,0.320278117896612,0.212892507099879,0.0536191374870017,0,1070045.16967075,0.1891490943,5654727.87225015,1e-04,0,0.267975091934204,56.7451350688934,"1_93_9",1,93,9,1389,TRUE,TRUE,3,0.0303695506525916,1,FALSE
"17",2.92785164875,0.41044406093,0.26065549254,1.5146953825,0.78920602983,0.21374942424,2.946164423,0.47514817334,0.016963403319,1.1787595545,0.89172759681,0.26792358516,2.0427374165,0.92183269897,0.06202109196,0.63676912202,2573907.59482575,546827.298189433,8350.13707136447,38840.8045478864,858974.070238924,1.3620476984056,1.01711130307195,1.34892321879089,1.0643868156848,1.26933758650619,0.144116405700521,-0.108648924062555,-0.392267337914179,0.147111231255947,0.212494539812721,0.300723867807442,0.212494539812721,0.0540460714904488,0,660177.330740629,0.1166595176,5654727.87225015,1e-04,0,0.223647356033325,57.2005596160889,"1_94_4",1,94,4,1399,TRUE,TRUE,1,0.0279528442852891,1,FALSE
"18",2.30673186875,0.4126282913,0.28740545199,1.030092466,0.70346105317,0.1295971857,2.912777564,0.48937391732,0.05240172567,1.125625695,0.91428641946,0.25519010385,2.8416754435,0.97801198794,0.12344129868,0.63596665844,2606037.54067198,573696.185074907,8572.44949279543,43813.68524187,736136.357811057,1.33901168822057,1.05480233599499,1.39902900559671,1.13683697367551,1.14767496197627,0.151726307789489,-0.103749115892727,-0.371082358342245,0.146455767329435,0.212024447154515,0.298427164479152,0.212024447154515,0.064103496477878,0,627169.390808014,0.1108217051,5654727.87225015,1e-04,0,0.245898962020874,57.8983607292175,"1_95_11",1,95,11,1421,TRUE,TRUE,3,0.0293759673038012,1,FALSE
"19",2.94369687,0.324177951721,0.28440959946,2.11577493625,0.85684577494,0.09827742924,2.95809412175,0.59455148975,0.03324428412,1.093434909,0.80637421681,0.27763252977,1.54917549825,0.79189457338,0.12888650703,0.63610368812,2350090.40481213,690032.212209464,6718.94355058087,35675.2606775531,885194.289317971,1.38015123116554,1.03408960497357,1.39323296968031,1.14373690274814,1.10813564640196,0.0749323720361282,-0.124950321584519,-0.53405203382316,0.152941456278919,0.214051081870902,0.315665141859701,0.214051081870902,0.026778231826589,0,934683.650521184,0.1652089402,5654727.87225015,1e-04,0,0.226615190505981,58.831670999527,"1_97_4",1,97,4,1444,TRUE,TRUE,3,0.0273997539552709,1,FALSE
"20",2.82333971425,0.40766608699,0.2652104781,1.5146953825,0.78920602983,0.21374942424,2.946164423,0.47514817334,0.016963403319,1.1787595545,0.89172759681,0.26792358516,2.0427374165,0.92183269897,0.06202109196,0.63676912202,2573907.59482575,546827.298189433,8323.04851665682,38840.8045478864,858974.070238924,1.3620476984056,1.01711130307195,1.3571999778298,1.0643868156848,1.26933758650619,0.144116405700521,-0.108648924062555,-0.392267337914179,0.147111231255947,0.212494539812721,0.300723867807442,0.212494539812721,0.0540460714904488,0,660177.330740629,0.1166595176,5654727.87225015,1e-04,0,0.353610754013062,59.6663455963135,"1_98_4",1,98,4,1459,TRUE,TRUE,1,0.0279528442852891,1,FALSE
"21",2.03604569675,0.340619897073,0.26525408211,2.3441000545,0.88781429644,0.2085624825,2.953614458,0.49255423068,0.06064239297,1.1038374795,0.95289354935,0.22971863922,2.129423653,0.91313974582,0.06108646971,0.63593676983,2649160.56580441,579949.57913031,6954.44705337832,38439.6179965817,963748.202908241,1.29519159778268,1.06396751028468,1.35727970082297,1.06335533665613,1.26109888408808,0.163291334087497,-0.103562652497261,-0.347532188629145,0.145453981268278,0.212006537075301,0.295853120990873,0.212006537075301,0.0618164394365319,0,610498.95579838,0.1078733577,5654727.87225015,1e-04,0,0.363396883010864,59.8970239162445,"1_98_15",1,98,15,1470,TRUE,TRUE,2,0.0286509965401605,1,FALSE
"22",2.668526734,0.48686319176,0.19647625674,2.1120824625,0.663396453,0.11120687415,2.92302524225,0.57730216416,0.05138224317,1.1375339835,0.93393208858,0.26719624281,2.705234732,0.72360017448,0.09802725981,0.63926246951,2693786.37061343,676411.043286824,9435.57536144259,31591.2778255815,688917.40096156,1.36071056566853,1.05367936341993,1.24219256799495,1.10570027486211,1.12412394580462,0.107427047279136,-0.119019682154256,-0.463416716385518,0.150231270702622,0.213486106997405,0.308312112422644,0.213486106997405,0.0396967084962678,0,791412.543945992,0.1398698897,5654727.87225015,1e-04,0,0.306070804595947,60.2690086364746,"1_99_1",1,99,1,1471,TRUE,TRUE,3,0.0271923555781095,1,FALSE
"23",2.508072018,0.52492179227,0.20596148577,1.444845023,0.7413465539,0.06136094016,2.993630497,0.6759419811,0.018433452987,1.08662424125,0.9932632196,0.25535137344,1.7123203655,0.76469280186,0.09678480132,0.63485631032,2831598.8876199,778500.929133991,10244.6487603184,33343.7790867669,755177.666345644,1.33929857047914,1.01862156723811,1.25688978193686,1.10422154614145,1.06488650036334,0.0533364806666243,-0.133037820411299,-0.582165830125038,0.154716381699041,0.214819132511942,0.320577163194566,0.214819132511942,0.0196410646950847,0,1058017.83444113,0.1870219295,5654727.87225015,1e-04,0,0.359709024429321,62.0226900577545,"1_101_14",1,101,14,1514,TRUE,TRUE,2,0.0279653128966653,3,FALSE
"24",2.078573768,0.60695396473,0.23752277097,0.8686394015,0.91779463697,0.11302457799,2.993928415,0.56740299551,0.018433452987,1.08662424125,0.9932632196,0.25535137344,1.7123203655,0.76469280186,0.09678480132,0.63900598706,2831598.8876199,653493.600854769,12130.1544195364,33343.7790867669,953810.584148044,1.33929857047914,1.01862156723811,1.30840156647724,1.10422154614145,1.12640867864524,0.0900547904774075,-0.124160429242301,-0.503428693483526,0.151686210221228,0.213975919884937,0.312498544124513,0.213975919884937,0.0247464527761976,0,847965.866402626,0.1498719587,5654727.87225015,1e-04,0,0.24116039276123,63.3933398723602,"1_103_14",1,103,14,1544,TRUE,TRUE,2,0.0269034004446273,3,FALSE
"25",2.58178531175,0.74408869988,0.20809537755,2.66334816025,0.74247536774,0.22960193775,2.97021509825,0.64234327848,0.014713483452,1.020315171,0.92880060733,0.22368557124,1.91490118775,0.7083932447,0.15821738544,0.64111130597,2567065.02067855,738390.446850974,14545.0441648027,32908.7855996107,814828.428325335,1.2852291241843,1.01480842109091,1.26024428963554,1.18238716028186,1.29519651524209,0.0389459445271099,-0.131495769349777,-0.612635610027841,0.155887893060628,0.214672899591443,0.323649323706786,0.214672899591443,0.0197483892691623,0,1164075.76812115,0.2057794264,5654727.87225015,1e-04,0,0.236231803894043,63.7865285873413,"1_104_6",1,104,6,1551,TRUE,TRUE,1,0.0283928373677941,1,FALSE
"26",2.80401191875,0.42921458683,0.1640806428,2.34558386825,0.64320631086,0.03470205471,2.9778055705,0.62213749834,0.024332744685,1.18200777025,0.9236236741,0.28682352765,1.46533625175,0.49203121056,0.12888650703,0.63610368812,2716598.80698013,718717.547769268,8125.72313455477,22166.2608739672,649023.188334301,1.3977376548054,1.0247272717265,1.19448940279312,1.14373690274814,1.03569218163745,0.078698330448028,-0.128272841568758,-0.528966211636499,0.152629825789139,0.214366946774746,0.31514144723884,0.214366946774746,0.022424204487821,0,934683.650521184,0.1652089402,5654727.87225015,1e-04,0,0.22851300239563,64.3381915092468,"1_105_4",1,105,4,1564,TRUE,TRUE,2,0.0272278734712123,3,FALSE
"27",2.799420219,0.49263035589,0.0766318614,0.85765397825,0.92468492394,0.10147195893,2.99315020125,0.59535542967,0.020966991627,1.16665405175,0.91366847997,0.29014862412,1.72362081925,0.75060440138,0.0603878634,0.63540163589,2696277.05009346,686583.182608819,8791.88438829337,31576.0935134416,956492.794434365,1.4042108406145,1.02123488440724,1.08230070449865,1.06258563173159,1.11204356623078,0.0544168004982644,-0.126285632793853,-0.578876152584232,0.154628076358951,0.214178083052912,0.32024371387164,0.214178083052912,0.0228857731445747,0,1064430.98163404,0.1881561642,5654727.87225015,1e-04,0,0.234478235244751,64.897020816803,"1_106_1",1,106,1,1576,TRUE,TRUE,2,0.0279436378250902,3,FALSE
"28",1.932878829,0.4126282913,0.2981033532,1.78364439725,0.88009648515,0.20193226209,2.92448159875,0.50779194044,0.027014683083,1.17836886575,0.79824075245,0.27600860691,2.33586650525,0.69664949485,0.0397764306,0.63584344763,2322630.32184589,587436.088147941,8645.58164133395,28730.7367485406,952189.883649554,1.37708981389425,1.02752713129321,1.4201258702072,1.04036549377875,1.25072190856299,0.136609461544424,-0.112711139221137,-0.406821580811562,0.147754978135994,0.212883485877186,0.302291608828513,0.212883485877186,0.0485291968928228,0,684812.884966477,0.1210165828,5654727.87225015,1e-04,0,0.269312143325806,65.7137002944946,"1_107_11",1,107,11,1601,TRUE,TRUE,2,0.0273754077605929,1,FALSE
"29",2.4010525265,0.55148887078,0.20566451574,1.64051581325,0.64067394942,0.08817588144,2.97364119075,0.48677097061,0.014092339284,1.2817843955,0.85162567747,0.27967612044,2.487297423,0.98003544329,0.020982407217,0.64079455385,2487027.46862167,559377.565467511,10760.7762550783,39704.4168655691,659253.850317049,1.38402318562534,1.01417447707526,1.25642435671731,1.02089629525861,1.09595668467072,0.204513114444646,-0.114827171470336,-0.272648176107489,0.141825718218615,0.213085808989684,0.287515167820201,0.213085808989684,0.0514259880903323,0,514834.583673614,0.09095407499,5654727.87225015,1e-04,0,0.27194881439209,66.3492300510406,"1_108_11",1,108,11,1616,TRUE,TRUE,3,0.0258989211146586,1,FALSE
"30",2.7491067805,0.45540468034,0.25357069443,2.5732860005,0.79896521591,0.19663697667,2.93128491225,0.45797551182,0.06130895943,1.10911341,0.90504688489,0.21125490498,2.129289035,0.81831566409,0.00313945449,0.63794629676,2471445.59304121,539426.444176159,9214.14581428458,32604.0952596507,862144.496919449,1.26517756730036,1.06471577405239,1.33624845634831,1.00307220723745,1.24255588440832,0.157293477963608,-0.0937130924418983,-0.361788848153864,0.14597438593151,0.211058312078572,0.297414040935426,0.211058312078572,0.0778762164787259,0,625903.439113013,0.1105978078,5654727.87225015,1e-04,0,0.24911904335022,66.7441008090973,"1_109_2",1,109,2,1622,TRUE,TRUE,3,0.0320914396496793,1,FALSE
"31",1.91903413375,0.327852802264,0.11646001806,0.5813332882,0.65686893004,0.03651679527,2.947843645,0.70160992795,0.015308126745,1.1327011745,0.82884060355,0.26917123257,2.870594124,0.85038961201,0.19140516654,0.63771259553,2395348.63620321,806765.412309702,6005.60286902592,40948.2906638788,663226.033357768,1.36434747562506,1.01541605538225,1.13066551321347,1.22938224577472,1.03762875919605,0.0137443525221803,-0.13459280487265,-0.666557845941994,0.157918580287402,0.21496649117734,0.329015817563489,0.21496649117734,0.0195300088208164,0,1390127.05092871,0.2457590497,5654727.87225015,1e-04,0,0.264496326446533,66.8020913600922,"1_109_5",1,109,5,1625,TRUE,TRUE,2,0.0291394056319857,3,FALSE
"32",2.24081137975,0.70296837413,0.22150934355,2.70592303275,0.56541971666,0.14727770862,2.9664388725,0.69555507446,0.02149668288,1.07273591775,0.93494783975,0.26985913395,1.652546291,0.73127716464,0.11491484613,0.63962137823,2703841.92451096,802355.93207474,13879.7215988509,32475.9093506711,596231.319627276,1.36561879973246,1.02178293778083,1.28174852334546,1.12619767537271,1.1712647900627,0.0360997060211465,-0.134754433702752,-0.618059768735463,0.156118559638619,0.214981802196863,0.324193169932975,0.214981802196863,0.0195627678315894,0,1186931.04485808,0.2098216302,5654727.87225015,1e-04,0,0.263480424880981,67.5810518264771,"1_110_13",1,110,13,1648,TRUE,TRUE,3,0.028468404371105,1,FALSE
"33",2.15329402325,0.61261260338,0.23506451718,2.0564412155,0.90183610165,0.19663697667,2.93128491225,0.45797551182,0.06130895943,1.10911341,0.90504688489,0.21125490498,2.129289035,0.81831566409,0.00313945449,0.63794629676,2471445.59304121,539426.444176159,12220.3473006818,32604.0952596507,973150.040424814,1.26517756730036,1.06471577405239,1.30423816953895,1.00307220723745,1.24255588440832,0.155816543596649,-0.092872773903047,-0.364134100641054,0.146102247886485,0.210977216637184,0.297670031784418,0.210977216637184,0.0779635506828535,0,625903.439113013,0.1105978078,5654727.87225015,1e-04,0,0.218859910964966,67.94264793396,"1_111_2",1,111,2,1652,TRUE,TRUE,3,0.0321383816426537,1,FALSE
"34",2.3381146165,0.65141577492,0.12368614059,1.3434043405,0.61304837928,0.02726983416,2.9806587405,0.55432510544,0.03316137393,1.0891459505,0.99255358347,0.27850432344,2.288392275,0.96018826146,0.07423438914,0.64014928022,2895201.9156157,643317.994741392,11990.984902894,40942.4132352966,617018.004719419,1.38180035240207,1.03400171839905,1.13990766809353,1.07805131936084,1.02783565918565,0.0642682923236007,-0.121002429681285,-0.555372165156939,0.153820476521009,0.213675157163825,0.317851117269737,0.213675157163825,0.0311226377582111,0,987825.11342442,0.1746075848,5654727.87225015,1e-04,0,0.294025182723999,69.3383231163025,"1_113_7",1,113,7,1687,TRUE,TRUE,2,0.0278832865093868,3,FALSE
"35",2.8318848185,0.52566644338,0.12202917561,1.81730117025,0.82391187765,0.01902031731,2.86567321875,0.3040190581144,0.13438743537,1.26799870075,0.74843013397,0.29397859965,2.67230752225,0.97832199211,0.03320845716,0.63945557144,2217150.45771881,372677.977492768,9665.38722807588,40095.755566504,826943.043881258,1.41174154235291,1.15361383052809,1.13777509235327,1.03347806508208,1.01925326408905,0.898292713444667,0.152659242634378,0.718971926725816,0.0507124407615219,0.185771806115343,0.135108114737461,0.185771806115343,0.0587475079465142,0,11332.4904119678,0.00190426395,5654727.87225015,1e-04,0,0.271850824356079,69.8928530216217,"1_114_4",1,114,4,1699,TRUE,TRUE,1,0.0139056485272402,2,TRUE
"36",1.84828106475,0.77748436225,0.21900009519,2.130864411,0.46710535443,0.09353571096,2.975032266,0.61827523266,0.006192731871,1.16867868125,0.97427287641,0.23350605681,2.8666726685,0.86364480893,0.13017979992,0.6414108494,2718617.95084964,707629.697549826,15322.092381311,38959.6437527415,481657.731801865,1.30152504422638,1.00618010509837,1.27767023572497,1.1453879858522,1.10238531008944,0.0640545992497297,-0.130015240504748,-0.562084425427125,0.153838039511418,0.214532407039732,0.318536227441595,0.214532407039732,0.0212485650894362,0,1000537.23613598,0.1768558617,5654727.87225015,1e-04,0,0.296114683151245,70.0242583751678,"1_114_10",1,114,10,1705,TRUE,TRUE,2,0.027687869913314,1,FALSE
"37",2.41626992975,0.5918881196,0.16347098682,2.733190403,0.66869882035,0.0765041982,2.97131427275,0.5802924866,0.027069864189,1.082382611,0.88625465283,0.29767913595,1.652546291,0.73127716464,0.11491484613,0.63962137823,2635222.71216735,671327.109474506,11200.5404397867,32475.9093506711,685022.687342484,1.41909478729711,1.02758489805951,1.1936267873343,1.12619767537271,1.08221323548887,0.046067545324224,-0.126017122246197,-0.596013209448464,0.155309239008829,0.214152551118249,0.321976979420427,0.214152551118249,0.0252454906845217,0,1125684.06140501,0.1989894363,5654727.87225015,1e-04,0,0.267782211303711,70.0710434913635,"1_114_13",1,114,13,1708,TRUE,TRUE,3,0.0282311464875022,1,FALSE
"38",1.92736482975,0.50661978015,0.10265526861,1.07642935275,0.96220100506,0.03042736086,2.99487456325,0.57630109682,0.016407520116,1.02890776525,0.88465924489,0.24469998804,1.469719048,0.84246336214,0.13496427555,0.64217612204,2495732.59986513,663050.193789653,9195.3204448444,38192.9261827448,969475.827796463,1.32061100664146,1.01654137050556,1.11341975276258,1.15153758918299,1.03115887245268,0.020853390439144,-0.127237053158333,-0.64969928764657,0.157348403809107,0.214268526528399,0.327347459289143,0.214268526528399,0.0230823824525386,0,1297420.54988317,0.2293628986,5654727.87225015,1e-04,0,0.27959680557251,70.6804773807526,"1_115_13",1,115,13,1723,TRUE,TRUE,3,0.028934059378409,3,FALSE
"39",2.938867006,0.43574768718,0.27826208475,1.73408978125,0.89942871674,0.016437215571,2.98109767325,0.70160992795,0.015308126745,1.1327011745,0.82884060355,0.14354296581,2.5906065125,0.34719565844,0.1704711102,0.6399827405,2121365.1581287,806765.412309702,8987.70736840229,16341.8679659748,901960.613523987,1.1660736102558,1.01541605538225,1.38148866926387,1.19931598175526,1.01659524725781,0.0161404366343124,-0.133281622628169,-0.663582276409765,0.157726633958973,0.214842243198418,0.328721964328681,0.214842243198418,0.0198368580812811,0,1381679.17593433,0.2442649513,5654727.87225015,1e-04,0,0.29145359992981,71.7918589115143,"1_117_5",1,117,5,1745,TRUE,TRUE,3,0.0290987199292647,3,FALSE
"40",2.2250818245,0.67381558746,0.18824819418,1.27870286925,0.98382125728,0.13272740757,2.97386283075,0.52094036881,0.004713439719,1.17592490275,0.95757965203,0.29218432002,2.2470020945,0.58698035618,0.0615983628,0.64025838434,2831632.86981307,595777.993426033,12980.3630463421,24721.8689465924,1030893.40158506,1.40820351197367,1.00469694932185,1.22971906352333,1.06392003151732,1.15178203870909,0.0920099657651967,-0.118753634097997,-0.50149344386457,0.15152316050806,0.213460727220341,0.312297351532974,0.213460727220341,0.033347892768332,0,862993.609484085,0.1525297782,5654727.87225015,1e-04,0,0.323846578598022,71.8720512390137,"1_117_8",1,117,8,1748,TRUE,TRUE,1,0.0272466441780968,3,FALSE
"41",2.14824701575,0.58036081899,0.25161370191,0.9512603015,0.90117969002,0.20000021649,2.97387580975,0.41760310219,0.016407520116,1.02890776525,0.88465924489,0.24469998804,1.5117099445,0.99161753892,0.08179078326,0.63955531487,2495732.59986513,480463.805052801,11724.6525627688,42598.4534510137,974062.332719256,1.32061100664146,1.01654137050556,1.33278928188347,1.08668193485778,1.24773005660079,0.137396826204177,-0.097296811480416,-0.403974701380207,0.147687590564408,0.211403811787691,0.30198559149376,0.211403811787691,0.0699869345153724,0,649064.557409953,0.114694103,5654727.87225015,1e-04,0,0.317815780639648,71.9799456596375,"1_117_13",1,117,13,1753,TRUE,TRUE,3,0.0309261719025638,3,FALSE
"42",2.481124447,0.52514040094,0.22202051136,2.52913121925,0.73447170508,0.10894106262,2.9495498775,0.48518759273,0.003898845624,1.2010974305,0.78094063668,0.26537500884,2.579429017,0.94016211301,0.04871259141,0.63557824097,2248448.20089274,554658.655771175,10372.5938010033,39106.8388551274,762024.143682959,1.35737392196345,1.00388207850603,1.28258252170978,1.04988443347177,1.1212888924065,0.127009248978049,-0.113614671289313,-0.431572781642095,0.148574165871434,0.212969900049935,0.304939228612323,0.212969900049935,0.0468530864368284,0,724608.939179843,0.128054947,5654727.87225015,1e-04,0,0.252388477325439,72.5205316543579,"1_118_11",1,118,11,1766,TRUE,TRUE,1,0.0275081011131554,1,FALSE
"43",2.01646669575,0.68208124024,0.20030714493,1.05541582725,0.77024298447,0.09536596221,2.9859739895,0.54532339027,0.011025596409,1.15485220125,0.95757061902,0.25368813105,2.12168711025,0.69597054777,0.05376528498,0.64076489504,2725379.6356489,625678.948807077,13256.3047323979,29090.7245690136,794811.179786078,1.33634571688173,1.01105602241422,1.24808687374814,1.0553438079905,1.10459780406366,0.132016213489775,-0.123033319088485,-0.418787007331471,0.148147485922811,0.213868624294451,0.303574425926752,0.213868624294451,0.0292657380503081,0,692559.767084062,0.122386703,5654727.87225015,1e-04,0,0.236598253250122,72.9852752685547,"1_119_7",1,119,7,1777,TRUE,TRUE,2,0.0258257692585487,3,TRUE
"44",2.9519440245,0.71967267286,0.212915478,2.26599572125,0.7219938198,0.23209579614,2.96763395375,0.66238797147,0.013981143246,1.03207067725,0.91670222173,0.20942058801,2.053677036,0.66672846588,0.13728958551,0.63641377262,2498836.86924989,761146.091964063,14118.3543397326,30299.1528283599,793405.155836158,1.26227149983209,1.01406107256622,1.26788789472117,1.15455018333594,1.29936057936709,0.041491089661132,-0.132500299255325,-0.607295341706227,0.155681338423956,0.214768170609114,0.323112994396337,0.214768170609114,0.0195755087023343,0,1135198.33404457,0.2006721387,5654727.87225015,1e-04,0,0.251025915145874,73.0322046279907,"1_119_9",1,119,9,1779,TRUE,TRUE,1,0.028318115338696,1,FALSE
"45",2.2181324345,0.52292034989,0.26043647853,1.213372936,0.76484996579,0.18728928648,2.96000688825,0.55004098602,0.03257276988,1.168436108,0.87555128771,0.20466545187,2.64120819575,0.83514849983,0.10535378115,0.63738676847,2375727.25713937,638150.597242081,10636.5636482453,36731.0349459206,821574.740849851,1.25479979643131,1.03337821150576,1.34852779802491,1.11450088230152,1.22839736733439,0.0983779492859848,-0.118010797201249,-0.485630235082023,0.150990888851347,0.213389847971513,0.310643267565555,0.213389847971513,0.0397797675318366,0,822454.852768738,0.145360059,5654727.87225015,1e-04,0,0.246338367462158,73.0467326641083,"1_119_10",1,119,10,1780,TRUE,TRUE,2,0.0275131825037836,1,FALSE
"46",2.3919305805,0.50661978015,0.10265526861,1.07642935275,0.96220100506,0.03042736086,2.99487456325,0.57630109682,0.016407520116,1.096464774,0.88990884554,0.27028611075,1.60123463775,0.78024691393,0.10442069616,0.63632027267,2574680.46898915,663050.193789653,9195.3204448444,34284.0930129631,969475.827796463,1.36640909534952,1.01654137050556,1.11341975276258,1.11337231593074,1.03115887245268,0.0458815840853157,-0.125626945431101,-0.597088963096685,0.155324376396672,0.214115444844143,0.322085471493883,0.214115444844143,0.0230209021056788,0,1105898.37741646,0.1954901233,5654727.87225015,1e-04,0,0.235671043395996,73.0986053943634,"1_119_13",1,119,13,1783,TRUE,TRUE,1,0.0282016807587457,3,FALSE
"47",2.692491603,0.4571581032,0.1898252265,2.52913121925,0.73447170508,0.04946366838,2.99672167175,0.52589413378,0.021320127381,1.127701731,0.9369586104,0.24884922204,2.08059210525,0.99459675859,0.09431928798,0.63478853111,2654058.77688204,606588.678649481,8816.81867602184,43261.7089505501,744965.351340294,1.32782842768897,1.02160019701514,1.23209034604156,1.10129881645893,1.05165733518318,0.0873707343417616,-0.118513388856087,-0.510745212428789,0.151909759128886,0.213437806321605,0.313258016972032,0.213437806321605,0.0346393093713214,0,888278.444182837,0.1570016757,5654727.87225015,1e-04,0,0.233825445175171,73.6057896614075,"1_120_11",1,120,11,1796,TRUE,TRUE,1,0.0274617711969233,1,FALSE
"48",2.6052801885,0.4755726903,0.29895034758,2.10702897025,0.90529061152,0.22315664055,2.99874614725,0.55187348298,0.028734001092,1.0972278895,0.95984726696,0.23487167838,1.76424856175,0.78975363318,0.12977901015,0.63874488134,2681936.81055613,639000.94354816,9971.15178945516,35611.6106927912,990136.342503446,1.30382389107918,1.02933004609773,1.4218234241809,1.14487580980985,1.28455700148594,0.0759237630923226,-0.120382121318507,-0.532656678025432,0.152859480954636,0.213616030250094,0.315521546537576,0.213616030250094,0.0304007029063427,0,941562.088350018,0.1664254666,5654727.87225015,1e-04,0,0.220054864883423,73.6651124954224,"1_120_14",1,120,14,1799,TRUE,TRUE,1,0.0275265363830214,1,FALSE
"49",2.668526734,0.48686319176,0.24759988545,2.03554550475,0.83301961923,0.2528188029,2.9287743655,0.63144310206,0.003627000612,1.1224398335,0.83336211831,0.24588188235,2.406771694,0.8254906671,0.014650770795,0.63504845942,2353743.30958575,721755.619005067,9805.44111943559,33245.0850277764,925859.619725486,1.32265886527453,1.00361043294452,1.32575024632199,1.0144996001166,1.33502426554539,0.0905243315753873,-0.131645160364732,-0.506750983867195,0.151647069348096,0.214687070719934,0.312843634644415,0.214687070719934,0.0205603302517828,0,857445.480157516,0.1515485313,5654727.87225015,1e-04,0,0.207883358001709,73.9658150672913,"1_121_1",1,121,1,1801,TRUE,TRUE,3,0.0268916999714865,1,FALSE
"50",1.5414549105,0.69418430513,0.22176096084,0.565931246675,0.91280140012,0.1849121046,2.99578033925,0.56874560405,0.03205310118,1.1233656575,0.82823349285,0.21798573333,1.74065795075,0.48458877101,0.03776621571,0.64099296542,2276480.72584261,659673.11461663,13708.8788757012,19946.7937660242,979376.925330329,1.27595659887344,1.03282834763006,1.28215891511155,1.03824781707241,1.22484798142908,0.0990430456953236,-0.12305849828123,-0.483088015663206,0.150935188114805,0.213871021823107,0.310377366447402,0.213871021823107,0.0301128764864941,0,803061.217658056,0.1419300841,5654727.87225015,1e-04,0,0.236786603927612,74.0527925491333,"1_121_5",1,121,5,1805,TRUE,TRUE,3,0.0268037311178691,3,FALSE
"51",2.83156409975,0.41221428008,0.18990032505,2.37909433775,0.76623580535,0.09060224529,2.96530087725,0.68379955719,0.0364143042,1.06546743275,0.82730285657,0.25480767333,2.54242808825,0.37509934838,0.15987323439,0.63704778746,2357215.91145313,794924.994133743,7950.46143212228,17456.1501948138,789201.353722602,1.33833187371949,1.03746105126367,1.23220349517593,1.18464687643444,1.09885759126178,0.674108778260958,-0.61536587670701,0.483114866340886,0.0907767877504326,0.256499313669367,0.183232961851567,0.256499313669367,0.0195289611036081,0,91228.5532089299,0.01603474998,5654727.87225015,1e-04,0,0.237979650497437,74.0699248313904,"1_121_6",1,121,6,1806,TRUE,TRUE,3,0.00885576763159098,1,TRUE
"52",2.760527782,0.63590885552,0.10265526861,1.07642935275,0.96220100506,0.03042736086,2.99487456325,0.57630109682,0.016407520116,1.096464774,0.88990884554,0.27028611075,1.62565469025,0.72779372146,0.18397929345,0.64023065678,2574680.46898915,663050.193789653,11541.960912954,34761.0332977213,969475.827796463,1.36640909534952,1.01654137050556,1.11341975276258,1.21854652033964,1.03115887245268,0.0102160275898393,-0.127990898752533,-0.673323621351494,0.158200804587217,0.214340161145111,0.32968299884973,0.214340161145111,0.0230326845777995,0,1438185.95106442,0.2542587879,5654727.87225015,1e-04,0,0.279338836669922,74.2701518535614,"1_121_13",1,121,13,1813,TRUE,TRUE,3,0.0292579841434857,3,FALSE
"53",2.6737257315,0.50228115677,0.09628250604,1.4441130815,0.57281956429,0.00872496135,2.9407486045,0.65732373488,0.003384949317,1.21703740325,0.86996297463,0.28072497564,2.04068106525,0.365797773244,0.15861084735,0.63729018131,2543235.68964924,751245.199041215,9078.48018520028,17000.4374617716,572972.872382187,1.38601887395269,1.00336868197539,1.10563479679485,1.1829233344142,1.00874096397414,0.0658631171954993,-0.132171555869613,-0.55912739340228,0.153689337789683,0.2147369967807,0.318234589451313,0.2147369967807,0.0201249041838388,0,995786.879722331,0.1760157096,5654727.87225015,1e-04,0,0.312467098236084,74.803827047348,"1_122_3",1,122,3,1818,TRUE,TRUE,2,0.0276401372871031,3,FALSE
"54",2.906427794,0.368420478553,0.18685991997,2.4722209975,0.6051395235,0.12244105482,2.9846354635,0.64656573154,0.007629562089,1.0341641865,0.90563108515,0.22415201187,2.1137535175,0.89139148873,0.15431726031,0.63926550623,2504163.0115679,740552.012811226,7090.06640130449,41239.1612781928,631341.281124632,1.28599389704828,1.00762485356795,1.2276391497186,1.17709849895855,1.13839454415433,0.0350452277295963,-0.132604469078578,-0.622150830874919,0.156203930830196,0.214778047802059,0.324602752182248,0.214778047802059,0.0195662672468306,0,1181856.04453277,0.2089240613,5654727.87225015,1e-04,0,0.364214897155762,74.9497609138489,"1_122_8",1,122,8,1823,TRUE,TRUE,1,0.0285253925219969,1,FALSE
"55",2.692491603,0.4571581032,0.1898252265,2.52913121925,0.73447170508,0.04946366838,2.99672167175,0.52589413378,0.003459600654,1.24066411,0.90564927388,0.27393314475,2.08059210525,0.99459675859,0.09431928798,0.63478853111,2629724.15589295,601059.184388865,8816.81867602184,43261.7089505501,744965.351340294,1.37319685356022,1.00344322836345,1.23209034604156,1.10129881645893,1.05165733518318,0.0914813390763413,-0.120033815150154,-0.505377667237725,0.151567262055805,0.213582823024108,0.312701032677789,0.213582823024108,0.0339557634374838,0,888278.444182837,0.1570016757,5654727.87225015,1e-04,0,0.367312908172607,75.0031061172485,"1_122_11",1,122,11,1826,TRUE,TRUE,2,0.0273404695114172,1,FALSE
"56",2.0964273425,0.66404261614,0.19293991332,1.3909707425,0.74993415166,0.09159360942,2.98304204625,0.55231720955,0.014234449965,1.14035828325,0.94330742574,0.29767913595,1.652546291,0.73127716464,0.11491484613,0.63962137823,2804865.55972191,634746.966249392,12836.0275833075,32475.9093506711,772710.046561849,1.41909478729711,1.0143194468679,1.23680068522407,1.12619767537271,1.10004725945158,0.108749731886212,-0.123063637771786,-0.465403959109628,0.15011991719435,0.213871511195139,0.308521377198664,0.213871511195139,0.0267955018731766,0,779184.626174418,0.1377072497,5654727.87225015,1e-04,0,0.357847690582275,75.0365118980408,"1_122_13",1,122,13,1828,TRUE,TRUE,1,0.0264108194898336,3,FALSE
"57",2.668526734,0.51670089672,0.25398649383,2.12102883875,0.98744203437,0.17013866913,2.97932598325,0.61807738116,0.03093340851,1.00576527425,0.89178642103,0.22906220151,1.70912709725,0.67248696555,0.1081689627,0.63668423219,2477690.46386864,716474.581397614,10457.701677715,29661.2198438266,1052091.87537852,1.29410013828156,1.03164556702617,1.33698573779207,1.11791969655846,1.20324061601259,0.0563757033313184,-0.127841846788531,-0.572816537294433,0.154467826888067,0.21432599929439,0.319628586709677,0.21432599929439,0.0227320855296737,0,1033239.73765036,0.1826396541,5654727.87225015,1e-04,0,0.327475070953369,75.475811958313,"1_123_1",1,123,1,1831,TRUE,TRUE,2,0.0278559074689296,1,FALSE
"58",1.3399344415,0.88738069733,0.15042544473,0.565931246675,0.91280140012,0.1849121046,2.99578033925,0.56874560405,0.03205310118,1.1233656575,0.82823349285,0.21798573333,1.74065795075,0.48458877101,0.03776621571,0.64099296542,2276480.72584261,659673.11461663,16638.4362376981,19946.7937660242,979376.925330329,1.27595659887344,1.03282834763006,1.17546251800968,1.03824781707241,1.22484798142908,0.0990430456953236,-0.12305849828123,-0.483088015663206,0.150935188114805,0.213871021823107,0.310377366447402,0.213871021823107,0.0301128764864941,0,803061.217658056,0.1419300841,5654727.87225015,1e-04,0,0.35344672203064,75.5580496788025,"1_123_5",1,123,5,1835,TRUE,TRUE,3,0.0268037311178691,3,FALSE
"59",2.2181324345,0.38050005943,0.23003482737,2.9526863165,0.63239785502,0.09780396789,2.9543051585,0.54798379774,0.04953677961,1.06748862325,0.93482042309,0.20466545187,2.64120819575,0.83514849983,0.10535378115,0.63738676847,2536548.56184858,641435.120756174,7561.26028785757,36731.0349459206,653198.00577292,1.25479979643131,1.05165258793289,1.29580176704252,1.11450088230152,1.10755878492422,0.0985575662074667,-0.116950974301483,-0.483091771199167,0.150975848253434,0.213288682101878,0.310377759422267,0.213288682101878,0.0426575991231256,0,822454.852768738,0.145360059,5654727.87225015,1e-04,0,0.385356664657593,75.6794538497925,"1_123_10",1,123,10,1840,TRUE,TRUE,3,0.0277547912372962,1,FALSE
"60",1.63399203725,0.52376788427,0.19181411295,2.1946132195,0.80676311301,0.17182717941,2.931842849,0.53449554898,0.03146329743,1.14315073875,0.80530601219,0.25316617374,2.008976524,0.57169199029,0.08386867185,0.63514245029,2290836.32988073,619757.281379795,10116.1593344391,24609.5898591991,860259.574025941,1.33542173509984,1.03220497671061,1.23509398525513,1.08907939610521,1.20567160434358,0.0928940384428055,-0.116394816919968,-0.497327744561293,0.151449376598386,0.213235574647941,0.311863836342106,0.213235574647941,0.0420309038057792,0,854666.128569679,0.1510569728,5654727.87225015,1e-04,0,0.364453554153442,76.2904350757599,"1_124_7",1,124,7,1852,TRUE,TRUE,2,0.0278897929218166,1,FALSE
"61",2.41626992975,0.5918881196,0.16347098682,2.733190403,0.66869882035,0.0765041982,2.97131427275,0.5802924866,0.027069864189,1.082382611,0.84853825033,0.28424325285,2.25361052175,0.72696869432,0.012015326694,0.64007993168,2489326.95468405,671327.109474506,11200.5404397867,29205.1771669788,685022.687342484,1.39275540501284,1.02758489805951,1.1936267873343,1.01186054407195,1.08221323548887,0.0455858774029988,-0.125914548139761,-0.597185250333715,0.155348444110409,0.214142796823035,0.322095180487382,0.214142796823035,0.025733654041446,0,1125684.06140501,0.1989894363,5654727.87225015,1e-04,0,0.369770765304565,76.442241191864,"1_124_13",1,124,13,1858,TRUE,TRUE,3,0.0282601860117199,1,FALSE
"62",2.0572137385,0.76476449726,0.250355709,2.11294673725,0.91869943751,0.20438524668,2.97754367975,0.75018763468,0.02860545168,1.10159645575,0.94219773317,0.21775941009,1.872716769,0.69323754372,0.11121958332,0.63818325905,2589154.27416904,868566.171162713,15435.0716626862,30671.1368042311,995176.18282498,1.27559117414813,1.02919502920283,1.33057510399896,1.12164809713743,1.25454115371533,0.0879719188606177,-0.139535832652437,-0.50908209446376,0.151859716442436,0.21543424953003,0.313085542985944,0.21543424953003,0.0195299711586505,0,875349.461726607,0.1547150448,5654727.87225015,1e-04,0,0.337871313095093,76.4665591716766,"1_124_15",1,124,15,1860,TRUE,TRUE,2,0.0269229315400165,1,FALSE
"63",2.19651489975,0.61257695987,0.06289784703,0.57415869035,0.97935809592,0.013585144038,2.98261275025,0.67438960699,0.021885023229,1.092069136,0.98998127002,0.27351131718,1.57196051025,0.61563936173,0.15811980999,0.63684957092,2873393.6380725,778096.510580463,10838.4620793532,28596.8897949215,981186.92251275,1.37240831584011,1.02218511122375,1.06656866468405,1.18225426825876,1.01367647703353,0.0309241627826442,-0.13277958832996,-0.628519348159603,0.156537128162314,0.214794651267008,0.325239318521314,0.214794651267008,0.0195291263566584,0,1223929.59931856,0.2163652262,5654727.87225015,1e-04,0,0.350043773651123,76.9252095222473,"1_125_4",1,125,4,1864,TRUE,TRUE,1,0.0286139587992479,3,FALSE
"64",2.01646669575,0.68208124024,0.20030714493,1.05541582725,0.77024298447,0.06254903091,2.99411128275,0.51312301185,0.019306877556,1.2748018755,0.96310778086,0.28438951722,1.65101448275,0.69597054777,0.05376528498,0.64076489504,2825848.3610814,591243.805751375,13256.3047323979,29090.7245690136,784954.861824098,1.39303687774705,1.01952099464219,1.24808687374814,1.0553438079905,1.06622585870322,0.137985949221037,-0.114697965245668,-0.404972244672991,0.147637149630474,0.213073460523757,0.302092854897641,0.213073460523757,0.0447706186608144,0,692559.767084062,0.122386703,5654727.87225015,1e-04,0,0.383704423904419,77.00466132164,"1_125_7",1,125,7,1867,TRUE,TRUE,2,0.0268885761774399,3,FALSE
"65",2.544515681,0.41887809941,0.14926869972,1.206166541,0.99116996928,0.08862597132,2.99465751475,0.62385783612,0.017202994734,0.954828556,0.88757421898,0.23534388333,1.70069852325,0.95450874377,0.15431726031,0.63926550623,2481140.25330128,718059.261605551,7847.63149576554,44159.20560545,1020092.59149091,1.30462067609629,1.01735714552345,1.17387855530774,1.17709849895855,1.09649364670728,0.0309383200866488,-0.130516210037929,-0.626985581331085,0.15653598472662,0.214579956084632,0.325086124520808,0.214579956084632,0.0201579228253899,0,1181856.04453277,0.2089240613,5654727.87225015,1e-04,0,0.389302492141724,77.726352930069,"1_126_8",1,126,8,1883,TRUE,TRUE,1,0.0285934927055108,3,FALSE
"66",2.7491067805,0.45540468034,0.25357069443,2.5732860005,0.79896521591,0.19663697667,2.98363431975,0.51231040943,0.029317893789,1.12398406675,0.93057626534,0.21125490498,2.129289035,0.81831566409,0.00313945449,0.63794629676,2541159.6331198,593371.581192271,9214.14581428458,32604.0952596507,862144.496919449,1.26517756730036,1.02994375793131,1.33624845634831,1.00307220723745,1.24255588440832,0.157662493091697,-0.115681418004208,-0.364753879694001,0.145942421864797,0.213167432833109,0.297737645628196,0.213167432833109,0.0430752790055323,0,625903.439113013,0.1105978078,5654727.87225015,1e-04,0,0.241350412368774,78.2318131923676,"1_127_2",1,127,2,1892,TRUE,TRUE,3,0.0261235522070679,1,FALSE
"67",2.48567943175,0.51868462217,0.05921478309,2.0809386005,0.82947199704,0.10272754749,2.987211298,0.4579734261,0.05407124085,1.02282811725,0.98915878304,0.24213993414,1.30408142375,0.73184458842,0.017566553349,0.63407899775,2783548.00724947,537358.859047894,9156.24127758681,29554.362641095,858435.491085122,1.31619687672448,1.05664646793869,1.06242727197488,1.01743539812365,1.11358709002247,0.178375037953712,-0.0984534700683328,-0.316161158713351,0.144136938079535,0.211515202629369,0.292389058027065,0.211515202629369,0.0656413794040608,0,555072.539853976,0.09807059435,5654727.87225015,1e-04,0,0.260588645935059,78.4439995288849,"1_127_12",1,127,12,1902,TRUE,TRUE,2,0.0289646974325033,3,FALSE
"68",2.799420219,0.84958877883,0.21990063105,1.42527304725,0.93377354019,0.29194214106,2.93751643075,0.57437673319,0.00076916226,1.05728522025,0.91074269396,0.25585126677,2.2002022925,0.89896280024,0.10634173197,0.63976620461,2597627.8305486,655573.01991895,16754.3946924509,39577.1447643388,1061962.35728345,1.3401886110349,1.00076349380426,1.27913088808337,1.11569829537348,1.40797022777528,0.0616722904230634,-0.126861720123239,-0.564392051501427,0.154033700927282,0.214232851356192,0.318771423190404,0.214232851356192,0.0235278517411704,0,996942.242220377,0.176220048,5654727.87225015,1e-04,0,0.226692914962769,78.8173422813416,"1_128_1",1,128,1,1906,TRUE,TRUE,3,0.0277494144894852,1,FALSE
"69",2.02584014825,0.55425006439,0.28419988824,2.48821359225,0.99930236026,0.27740915193,2.931842849,0.53449554898,0.03146329743,1.14315073875,0.80530601219,0.25316617374,2.008976524,0.57169199029,0.08386867185,0.63514245029,2290836.32988073,619757.281379795,11485.5384469443,24609.5898591991,1126550.68367401,1.33542173509984,1.03220497671061,1.39282904340513,1.08907939610521,1.37996318629513,0.0954725366802687,-0.116984541886878,-0.49178086413461,0.151233971852305,0.2132918870466,0.311285647473296,0.2132918870466,0.0418820443259187,0,854666.128569679,0.1510569728,5654727.87225015,1e-04,0,0.258150815963745,78.9737260341644,"1_128_7",1,128,7,1912,TRUE,TRUE,3,0.0277979038035977,1,FALSE
"70",2.3578136695,0.49748993313,0.23688916482,1.460378981,0.89101868574,0.14166016857,2.9933569275,0.61064169339,0.017429145102,1.1487229295,0.88469597914,0.24385432803,1.710926737,0.78063524103,0.1171080516,0.63834955373,2493768.39431043,702929.295610703,9937.68392696403,34745.4924205137,937259.548677592,1.31914962300879,1.01758930446177,1.30732592368059,1.1289153590815,1.16366547481851,0.0583242850967657,-0.127200700575144,-0.572221429981372,0.154308256633214,0.214265071497706,0.319568111981353,0.214265071497706,0.0215801313608841,0,1039116.59206301,0.1836790396,5654727.87225015,1e-04,0,0.258382797241211,79.0387432575226,"1_128_10",1,128,10,1915,TRUE,TRUE,1,0.0278341639121505,3,FALSE
"71",2.19150820725,0.69200536942,0.20066969715,1.44555164275,0.97079689334,0.20438524668,2.9745990005,0.56678982197,0.009491842113,1.16105921325,0.9545032683,0.27729933804,2.1721450295,0.60823179373,0.07152260691,0.63984335927,2780874.10937039,649798.136171773,13452.7786281577,25866.1140041915,1051610.46928576,1.3795219901253,1.00950353347141,1.24864760648657,1.0749872264459,1.25454115371533,0.0912861195280151,-0.123930787064508,-0.503065176608709,0.151583545322396,0.213954063393339,0.31246076203273,0.213954063393339,0.0253873977507894,0,865464.779819506,0.1529668315,5654727.87225015,1e-04,0,0.235965251922607,79.1324920654297,"1_128_15",1,128,15,1920,TRUE,TRUE,1,0.0269143406945434,3,FALSE
"72",2.7491067805,0.45540468034,0.25357069443,2.5732860005,0.79896521591,0.19663697667,2.98363431975,0.51231040943,0.029317893789,1.12398406675,0.93057626534,0.25547646156,2.09678684075,0.78699627865,0.05237346291,0.6352717004,2653217.53328717,593371.581192271,9214.14581428458,32851.3522108675,862144.496919449,1.33952117416731,1.02994375793131,1.33624845634831,1.05383432664806,1.24255588440832,0.127167313696868,-0.114899414129001,-0.426321700742397,0.148560714757063,0.213092713035611,0.304379448608553,0.213092713035611,0.0410576162047307,0,724198.553853311,0.1279823659,5654727.87225015,1e-04,0,0.228430032730103,79.4511635303497,"1_129_2",1,129,2,1922,TRUE,TRUE,1,0.0267945722335191,1,FALSE
"73",1.80550802975,0.65796985595,0.18385532145,0.84493140825,0.9972797279,0.14908895637,2.96253109325,0.65206596782,0.011068324029,1.124053337,0.89872524054,0.19239465726,2.27238261025,0.72153159097,0.06206979936,0.64151403638,2409960.92423767,748166.84161389,12634.6719814286,30402.6902915311,1052468.07099588,1.23592104429808,1.01109933978641,1.22316167318246,1.06444062536874,1.1737361836893,0.0667511334134173,-0.131166284711308,-0.555750066409442,0.153616269764267,0.214641641598919,0.317889728298943,0.214641641598919,0.0203952825287171,0,970414.399852225,0.1715283111,5654727.87225015,1e-04,0,0.263713359832764,79.6296463012695,"1_129_11",1,129,11,1931,TRUE,TRUE,2,0.0275930350317808,3,FALSE
"74",2.978613525,0.38668406817,0.18251877192,0.805676337,0.7106322836,0.08294586219,2.99641493925,0.53263013942,0.013157648973,1.02282811725,0.98915878304,0.2553173784,1.65656638825,0.94901032259,0.07972168803,0.6387967799,2819803.52730246,611783.554652669,7418.10910750967,40684.9060272504,729767.650949163,1.33923808653131,1.01322200549775,1.22118042041739,1.08430504270706,1.08975548396123,0.10002166887347,-0.122040069213933,-0.481498956234214,0.150853192629325,0.213774026934586,0.310211044469658,0.213774026934586,0.0285824606100755,0,786716.743414502,0.1390393864,5654727.87225015,1e-04,0,0.264122724533081,79.6552238464355,"1_129_12",1,129,12,1932,TRUE,TRUE,1,0.0267118847888459,3,FALSE
"75",2.799420219,0.84958877883,0.21990063105,1.42527304725,0.93377354019,0.29194214106,2.93751643075,0.57437673319,0.024544233948,1.11632698975,0.90166554175,0.2876850054,1.343372471,0.89571352792,0.11223182379,0.63976620461,2654300.97965236,663615.029411515,16754.3946924509,39670.0994729219,1061962.35728345,1.39940902083083,1.02494750980888,1.27913088808337,1.12289071435951,1.40797022777528,0.0644480362444383,-0.123829529786417,-0.555709559704204,0.153805702188158,0.213944425391464,0.31788558986128,0.213944425391464,0.0290581084358311,0,996942.242220377,0.176220048,5654727.87225015,1e-04,0,0.22537899017334,80.0056660175323,"1_130_1",1,130,1,1936,TRUE,TRUE,3,0.0277919441002465,1,FALSE
"76",2.57558785825,0.41261073061,0.25838591724,2.8553222905,0.62701605958,0.25872862359,2.9750301295,0.49379171889,0.014904541464,1.11191839325,0.93819384146,0.25289395197,1.98119210525,0.4995831362,0.07154762349,0.63994773413,2668144.68908388,567682.236472702,8379.45310416399,21246.1616770039,699226.473421142,1.33494034774291,1.01500357439525,1.34483681671447,1.07501541386451,1.34555574095123,0.11990254504905,-0.115143053001253,-0.441905662671347,0.149177684545373,0.213115995329758,0.306037753100105,0.213115995329758,0.0424677076605843,0,738333.869950786,0.13048235,5654727.87225015,1e-04,0,0.248469591140747,80.1035759449005,"1_130_6",1,130,6,1941,TRUE,TRUE,2,0.0271580553246658,1,FALSE
"77",2.544515681,0.41887809941,0.14926869972,1.206166541,0.99116996928,0.08862597132,2.99465751475,0.62385783612,0.028288622022,0.954828556,0.88757421898,0.23534388333,1.70069852325,0.95450874377,0.15431726031,0.63926550623,2481140.25330128,722183.016266678,7847.63149576554,44159.20560545,1020092.59149091,1.30462067609629,1.02886240947885,1.17387855530774,1.17709849895855,1.09649364670728,0.031047264044104,-0.12947506610621,-0.625188360318553,0.156527185426563,0.214481125091472,0.324906524573651,0.214481125091472,0.0215106561780083,0,1181856.04453277,0.2089240613,5654727.87225015,1e-04,0,0.246151924133301,80.1467521190643,"1_130_8",1,130,8,1943,TRUE,TRUE,2,0.0285760865914196,3,FALSE
"78",2.42582452325,0.346918965968,0.16153209048,2.37594201675,0.64808000703,0.22596714609,2.9796627535,0.42365284953,0.019541665902,1.16381751975,0.87808079924,0.29740252062,2.25192245675,0.8887929957,0.03270166077,0.6393745091,2610191.98828497,488211.258520927,6555.86070547117,36408.9553216403,709867.097145849,1.41854248627037,1.01976304176085,1.19089166751956,1.03295039112523,1.28917488836924,0.180967627660696,-0.0973050808252416,-0.317417791452631,0.143909350546913,0.211404608366932,0.292528607048276,0.211404608366932,0.0678984988051932,0,558869.962678265,0.0987422098,5654727.87225015,1e-04,0,0.259491205215454,80.1826837062836,"1_130_9",1,130,9,1944,TRUE,TRUE,2,0.0294287496054971,1,FALSE
"79",2.84971332175,0.344399647096,0.17813489919,1.22839659225,0.69632863074,0.10303517847,2.9962309,0.53667174286,0.003459600654,1.24066411,0.90564927388,0.27393314475,2.08059210525,0.99459675859,0.07096312806,0.64120172918,2629724.15589295,613377.216683168,6586.01390242961,42273.786824274,720731.816259292,1.37319685356022,1.00344322836345,1.21472676136137,1.07435721833353,1.11396592035682,0.125931085240401,-0.121737988238273,-0.432939411913182,0.148665883824675,0.213745248366235,0.30508474680565,0.213745248366235,0.031289424316217,0,725779.723405834,0.1282620129,5654727.87225015,1e-04,0,0.249988079071045,80.2220187187195,"1_130_11",1,130,11,1946,TRUE,TRUE,3,0.0261363881386666,1,FALSE
"80",1.99596138275,0.74314230436,0.19505263626,2.36406172275,0.8995650206,0.14601978222,2.983320248,0.49681586365,0.019508535762,1.1855697745,0.98280331539,0.28434393717,1.570353812,0.69533275068,0.04366072896,0.64086214784,2883505.62634479,572513.455330887,14387.3023715735,28783.1160189835,948059.204915734,1.39294915081515,1.01972888045067,1.24001631937549,1.04448190608459,1.16955449131675,0.159215565329432,-0.11379396455002,-0.362622407819634,0.14580781804222,0.212987043561062,0.297505051529072,0.212987043561062,0.0440071692706905,0,634735.365737963,0.1121598299,5654727.87225015,1e-04,0,0.24167275428772,80.2588217258453,"1_130_13",1,130,13,1948,TRUE,TRUE,1,0.0261978489960513,1,FALSE
"81",2.19150820725,0.69200536942,0.20066969715,1.44555164275,0.97079689334,0.20438524668,2.9745990005,0.56678982197,0.009491842113,1.1202129545,0.99068807913,0.26203984755,2.2024287805,0.60823179373,0.07152260691,0.63984335927,2842953.02529333,649798.136171773,13452.7786281577,25866.1140041915,1051610.46928576,1.35130584110798,1.00950353347141,1.24864760648657,1.0749872264459,1.25454115371533,0.0898307290332084,-0.124134831020821,-0.505830264578117,0.1517048843892,0.213973483651625,0.312748036503707,0.213973483651625,0.024694186501088,0,865464.779819506,0.1529668315,5654727.87225015,1e-04,0,0.239175319671631,80.3074469566345,"1_130_15",1,130,15,1950,TRUE,TRUE,1,0.026936797951499,3,FALSE
"82",2.7491067805,0.45540468034,0.25357069443,2.06138575575,0.59083352816,0.09948546909,2.99891292925,0.48498266339,0.03225053928,1.01339919,0.95830067709,0.25547646156,2.09678684075,0.78699627865,0.05237346291,0.6352717004,2732264.13923977,562576.443365602,9214.14581428458,32851.3522108675,610673.90196584,1.33952117416731,1.03303718938399,1.33624845634831,1.05383432664806,1.10961023345872,0.117187403941083,-0.11122741773315,-0.443015135175896,0.149407617350994,0.212741506006704,0.30615547064279,0.212741506006704,0.047017540107994,0,724198.553853311,0.1279823659,5654727.87225015,1e-04,0,0.225199937820435,80.6179637908936,"1_131_2",1,131,2,1952,TRUE,TRUE,1,0.0276867932119987,1,FALSE
"83",2.54913392175,0.89591624722,0.17207373498,0.71168668785,0.73717755074,0.11538870123,2.99578033925,0.56874560405,0.03205310118,1.1233656575,0.94444617433,0.15227046177,2.523627657,0.37155993523,0.11725706379,0.63882987515,2437345.84352774,659673.11461663,17058.2209122738,16540.3708290076,766849.689390519,1.1779672265666,1.03282834763006,1.20591549099711,1.12910047978423,1.12939413020843,0.0647152045708501,-0.121339785044413,-0.556378985576301,0.153783739246628,0.213707306531148,0.317953976003676,0.213707306531148,0.033471576864618,0,982760.096088245,0.1737117815,5654727.87225015,1e-04,0,0.251999855041504,80.6873595714569,"1_131_5",1,131,5,1955,TRUE,TRUE,3,0.0280290301510491,3,FALSE
"84",1.5153783575,0.68595247873,0.27728832501,0.667743349775,0.88783442207,0.0306357849,2.982132752,0.5633019053,0.020144313168,1.13990389975,0.99287109157,0.22512883608,1.34129058075,0.61038452102,0.08739459333,0.63678913274,2747999.19826587,649342.448065488,14137.592792129,26367.2115305634,894610.861538969,1.28759844174226,1.02038484299112,1.37964653766412,1.09317179068744,1.03137898764003,0.110117817200965,-0.122785737376083,-0.462834525151806,0.150004654547951,0.213845048467285,0.308250778401059,0.213845048467285,0.0295878701400067,0,767874.296409505,0.1357068951,5654727.87225015,1e-04,0,0.273246765136719,80.7981784343719,"1_131_10",1,131,10,1960,TRUE,TRUE,2,0.0264856326272799,3,FALSE
"85",2.00305017425,0.72115332525,0.19724674314,1.44545710125,0.95068217998,0.16041512709,2.9973220545,0.65206596782,0.011068324029,1.124053337,0.89872524054,0.19239465726,2.27238261025,0.72153159097,0.017188888266,0.63837008963,2409960.92423767,748166.84161389,13984.1173489119,29127.5621508612,1008407.6428808,1.23592104429808,1.01109933978641,1.24337357945105,1.01705418703183,1.1894296608237,0.00456489270516713,-0.132067501886203,-0.68771816797687,0.158651782606328,0.214727128685532,0.331097989641332,0.214727128685532,0.0196654606968867,0,1524094.61662779,0.269452668,5654727.87225015,1e-04,0,0.270569801330566,80.8203358650208,"1_131_11",1,131,11,1961,TRUE,TRUE,1,0.0294291494853143,3,FALSE
"86",2.52762345325,0.56922595973,0.23908640061,1.707032603,0.85601665665,0.17603284995,2.96273125375,0.57453301022,0.009444291873,1.19818381825,0.95023068852,0.26184420102,2.6484525575,0.55573213883,0.06374178786,0.64022435336,2726326.45395931,658659.316404818,11389.7248166486,23454.616510046,914580.075751298,1.35095155945655,1.00945547801478,1.3110636595904,1.06629105200971,1.21176945174928,0.114046746455065,-0.124573396456754,-0.457234234977822,0.149673144575655,0.214015218958017,0.307660161631277,0.214015218958017,0.0271086304954074,0,774507.99947304,0.1368801375,5654727.87225015,1e-04,0,0.284103393554688,81.3008289337158,"1_132_5",1,132,5,1970,TRUE,TRUE,3,0.0263023978591701,1,FALSE
"87",2.57558785825,0.41261073061,0.25838591724,2.8553222905,0.62701605958,0.25872862359,2.9750301295,0.49379171889,0.014904541464,1.0927773625,0.79993468994,0.28758469692,2.09858932825,0.91389450997,0.06847376442,0.63675604214,2354591.87154819,567682.236472702,8379.45310416399,38749.2035642365,699226.473421142,1.39921420543104,1.01500357439525,1.34483681671447,1.07156293237067,1.34555574095123,0.106658748692455,-0.116584904284216,-0.468067865584444,0.150295913959671,0.213253727573092,0.308801674967491,0.213253727573092,0.0411012485862349,0,778476.658322888,0.1375820379,5654727.87225015,1e-04,0,0.256099224090576,81.2884318828583,"1_132_6",1,132,6,1971,TRUE,TRUE,2,0.0273897540099694,1,FALSE
"88",2.544515681,0.41887809941,0.14926869972,1.35400990225,0.79818131517,0.0910000818,2.98536514,0.56662533485,0.005959657089,1.10325233775,0.93216078443,0.28521208542,1.6621767375,0.77592348041,0.12279532896,0.63955020383,2737295.47587122,648438.102349627,7847.63149576554,34737.3410897964,822231.916522861,1.39462195645301,1.00594613328002,1.17387855530774,1.13602392798456,1.09933469895429,0.0885034906481464,-0.125651967467586,-0.508736552717954,0.151815454588836,0.214117824662217,0.313049696586641,0.214117824662217,0.02243182540948,0,859718.909733005,0.151950612,5654727.87225015,1e-04,0,0.281021595001221,81.3460371494293,"1_132_8",1,132,8,1973,TRUE,TRUE,1,0.0269371404692639,3,FALSE
"89",2.42916876275,0.49748993313,0.23688916482,1.460378981,0.99023484026,0.14166016857,2.9933569275,0.61064169339,0.017429145102,1.1487229295,0.88469597914,0.24385432803,1.710926737,0.78063524103,0.1171080516,0.63775592837,2493768.39431043,702929.295610703,9937.68392696403,34745.4924205137,1041624.68680004,1.31914962300879,1.01758930446177,1.30732592368059,1.1289153590815,1.16366547481851,0.120764573818667,-0.130211208303014,-0.442622355320748,0.149104609137981,0.214551008391025,0.306113800987865,0.214551008391025,0.021445265996415,0,734085.041134466,0.1297308985,5654727.87225015,1e-04,0,0.265158176422119,81.3740665912628,"1_132_10",1,132,10,1975,TRUE,TRUE,3,0.0259615898128494,3,FALSE
"90",2.692491603,0.4571581032,0.20443922628,2.6270586895,0.73447170508,0.04946366838,2.99672167175,0.52589413378,0.003459600654,1.24066411,0.90564927388,0.27393314475,2.08059210525,0.99459675859,0.09431928798,0.63478853111,2629724.15589295,601059.184388865,8912.07881274355,43261.7089505501,744965.351340294,1.37319685356022,1.00344322836345,1.25450766766402,1.10129881645893,1.05165733518318,0.0918556398563014,-0.120242273679666,-0.504735406327226,0.151536036726442,0.213602697910547,0.312634319493366,0.213602697910547,0.0339571150848095,0,888278.444182837,0.1570016757,5654727.87225015,1e-04,0,0.26838207244873,81.3965730667114,"1_132_11",1,132,11,1976,TRUE,TRUE,3,0.027331434816984,1,FALSE
"91",2.19150820725,0.69200536942,0.20066969715,1.44555164275,0.97079689334,0.20438524668,2.9745990005,0.56678982197,0.009491842113,1.19812082425,0.99191151603,0.26741782284,2.2024287805,0.60823179373,0.07152260691,0.63984335927,2861647.22816244,649798.136171773,13452.7786281577,25866.1140041915,1051610.46928576,1.36111763638244,1.00950353347141,1.24864760648657,1.0749872264459,1.25454115371533,0.0932156809543606,-0.123083350999343,-0.499514722302814,0.151422523684377,0.213873388238935,0.312091505403938,0.213873388238935,0.0276189344683086,0,865464.779819506,0.1529668315,5654727.87225015,1e-04,0,0.246456861495972,81.4780025482178,"1_132_15",1,132,15,1980,TRUE,TRUE,2,0.0269340979981749,3,FALSE
"92",2.562842711,0.46191046459,0.19108384923,1.94067012725,0.93564845512,0.25404843402,2.938786249,0.57502140673,0.05147070687,1.00576527425,0.89178642103,0.22906220151,1.8605611435,0.85146937293,0.12162609669,0.63659347175,2477690.46386864,673770.175968243,8916.66920097387,38073.7804093749,1040644.82640036,1.29410013828156,1.05377671322852,1.23398943181799,1.13455522353365,1.33720192811378,0.0850856210154957,-0.120045706391637,-0.507451224146297,0.152099822063597,0.213583956810495,0.312916320931136,0.213583956810495,0.0378713262506992,0,866863.45166851,0.1532142018,5654727.87225015,1e-04,0,0.229120969772339,81.7805693149567,"1_133_1",1,133,1,1981,TRUE,TRUE,3,0.0276559873837485,1,FALSE
"93",2.54913392175,0.89591624722,0.20922796215,2.74125139,0.77285729876,0.21367748823,2.964629832,0.64337339967,0.01904284779,1.134949401,0.89524863489,0.15227046177,2.523627657,0.37155993523,0.11725706379,0.63882987515,2310381.04497695,741223.419935174,17527.6377210105,16540.3708290076,841149.042843183,1.1779672265666,1.01924893823983,1.26203201666821,1.12910047978423,1.26922259194752,0.0696317697398152,-0.129604356021979,-0.550398644775663,0.153379004751639,0.214493400463418,0.317342523632639,0.214493400463418,0.0230222585978463,0,982760.096088245,0.1737117815,5654727.87225015,1e-04,0,0.253516435623169,81.8606972694397,"1_133_5",1,133,5,1985,TRUE,TRUE,3,0.0275424230417516,1,FALSE
"94",2.5849984645,0.342987770399,0.17261853996,2.95118300375,0.60255397662,0.013692609327,2.95726548225,0.51054388502,0.05655144237,1.1305668615,0.88266123307,0.29511443988,2.1754611835,0.66434906109,0.0311958756,0.63564298955,2617780.85303002,599828.438416813,6533.03034463959,27175.8693122976,603700.612558986,1.41399043179196,1.05939792515141,1.2067022535864,1.03138573580532,1.01378615238662,0.0695796467191512,-0.112595072406185,-0.543268550500525,0.153383301149993,0.212872382657462,0.316611972955388,0.212872382657462,0.0526472397220657,0,983167.786640977,0.173783886,5654727.87225015,1e-04,0,0.282101154327393,81.9439754486084,"1_133_8",1,133,8,1988,TRUE,TRUE,2,0.0297669059081224,1,FALSE
"95",2.10155886225,0.55862072782,0.17388560241,1.03120672375,0.80110664485,0.12940598283,2.9921927755,0.62721391416,0.020144313168,1.13990389975,0.99287109157,0.22512883608,1.34129058075,0.74848031893,0.16293991341,0.63919258943,2747999.19826587,723016.582492271,10649.9649545282,34946.3835496138,838249.466278304,1.28759844174226,1.02038484299112,1.20853601919391,1.18885474316626,1.1474250373534,0.0347046777727196,-0.129156244218024,-0.621326610621255,0.156231491992063,0.214450851690321,0.32452027583316,0.214450851690321,0.0214938535119907,0,1212184.38926476,0.2142879583,5654727.87225015,1e-04,0,0.272158622741699,81.9689886569977,"1_133_10",1,133,10,1990,TRUE,TRUE,1,0.0285222187675042,3,FALSE
"96",2.763842936,0.59661637866,0.16517627349,2.0809386005,0.82947199704,0.10272754749,2.987211298,0.65024429293,0.01415949636,0.938575171,0.94072991178,0.20476639713,2.2379262805,0.71965411187,0.16110070917,0.63811169156,2552832.09197736,747260.275657562,11303.7159875721,33534.6429194649,858435.491085122,1.25495749237186,1.01424298015342,1.19604277360272,1.1863275578834,1.11358709002247,0.0267905881546737,-0.132490985583072,-0.637362896112202,0.15687062598615,0.214767287481549,0.326121216313833,0.214767287481549,0.0195969646268379,0,1232953.33266,0.2179611714,5654727.87225015,1e-04,0,0.271383285522461,82.0127058029175,"1_133_12",1,133,12,1992,TRUE,TRUE,1,0.0287366723701036,3,FALSE
"97",2.62581022175,0.41640380563,0.2413814868,0.99193185775,0.62128010418,0.10218006552,2.97305567475,0.47491913138,0.019989197163,1.06216735275,0.91804568511,0.24552416604,1.56391236775,0.78063524103,0.1171080516,0.6361292198,2592013.60010526,547416.025330982,8346.50535001687,34745.4924205137,642833.12544635,1.32203838374571,1.02022472502438,1.31499075379742,1.1289153590815,1.11291353235373,0.15208834948522,-0.110971803808305,-0.373467845386461,0.146424510464116,0.212717036299586,0.298686661930484,0.212717036299586,0.0498863237727027,0,611960.443695393,0.1081318377,5654727.87225015,1e-04,0,0.271953821182251,82.5849356651306,"1_134_10",1,134,10,2005,TRUE,TRUE,1,0.0270932877461166,3,FALSE
"98",1.510793311,0.71515161709,0.24913750077,2.7215825,0.98350081912,0.21009829665,2.97348319,0.92882604687,0.010470193515,1.16657921625,0.9070180963,0.17239939209,1.72390004525,0.56225066098,0.05778523794,0.63825284618,2386055.36448006,1065389.16831668,14420.2171250254,23592.910774747,1068451.32427199,1.20634531475138,1.01049328841065,1.32843795531208,1.05972787351906,1.2635271554376,-0.0300250779086313,-0.142488494894299,-0.762713934586191,0.161384707229041,0.215713175841421,0.338374400944085,0.215713175841421,0.0195301541957317,0,2208629.08950123,0.3905200206,5654727.87225015,1e-04,0,0.224726676940918,20.6602144241333,"2_34_5",2,34,5,500,TRUE,TRUE,3,0.0304415211422165,1,FALSE
"99",2.1179046355,0.70000334066,0.13654578618,1.29601604475,0.89802387967,0.09706920609,2.97348319,0.92882604687,0.010470193515,1.16657921625,0.9070180963,0.17239939209,1.72390004525,0.77949204912,0.22316621169,0.63732697535,2386055.36448006,1065389.16831668,12999.1515424944,38892.6342732308,927291.038231693,1.20634531475138,1.01049328841065,1.15673440682306,1.27798031694087,1.10666474314316,-0.012360673806296,-0.141274166205851,-0.723858360426438,0.159994890138428,0.215598506704448,0.334624219167033,0.215598506704448,0.0195294846714647,0,1776674.8177906,0.3141242185,5654727.87225015,1e-04,0,0.227088689804077,21.7788183689117,"2_36_5",2,36,5,530,TRUE,TRUE,2,0.02991973598745,3,FALSE
"100",1.93532013425,0.68837752562,0.1321874499,2.02702949025,0.65496745662,0.05003315778,2.9927533695,0.67254481726,0.015609973386,1.151773275,0.81369671108,0.28539028125,1.88364694775,0.63908142387,0.23522790837,0.63604703123,2389850.56561891,773464.056583648,12745.0269245298,32330.9498825777,664460.248425325,1.39496581266001,1.0157247727489,1.15097616500196,1.29745470092829,1.05228310010552,0.0611799736090234,-0.133769464784751,-0.566958249269228,0.154074104421587,0.214888479643236,0.319032769225257,0.214888479643236,0.0196246955256858,0,1015470.87077305,0.1794970371,5654727.87225015,1e-04,0,0.248513698577881,41.55917096138,"2_68_13",2,68,13,1018,TRUE,TRUE,3,0.0277504248475102,3,FALSE
"101",2.82789621225,0.75231517261,0.06088270239,2.02702949025,0.65496745662,0.05003315778,2.9927533695,0.67254481726,0.015609973386,1.151773275,0.81369671108,0.28539028125,1.88364694775,0.63908142387,0.23522790837,0.63604703123,2389850.56561891,773464.056583648,13294.2156676888,32330.9498825777,664460.248425325,1.39496581266001,1.0157247727489,1.06429875868506,1.29745470092829,1.05228310010552,0.0611799736090234,-0.133769464784751,-0.566958249269228,0.154074104421587,0.214888479643236,0.319032769225257,0.214888479643236,0.0196246955256858,0,1015470.87077305,0.1794970371,5654727.87225015,1e-04,0,0.265822172164917,42.7627110481262,"2_70_13",2,70,13,1048,TRUE,TRUE,3,0.0277504248475102,3,FALSE
"102",1.93532013425,0.68837752562,0.1321874499,2.02702949025,0.65496745662,0.05003315778,2.9927533695,0.67254481726,0.015609973386,1.151773275,0.81369671108,0.28539028125,1.88364694775,0.63908142387,0.22413005802,0.63604703123,2389850.56561891,773464.056583648,12745.0269245298,31921.9094942851,664460.248425325,1.39496581266001,1.0157247727489,1.15097616500196,1.27951505661244,1.05228310010552,0.0611799736090234,-0.133769464784751,-0.566958249269228,0.154074104421587,0.214888479643236,0.319032769225257,0.214888479643236,0.0196246955256858,0,1015470.87077305,0.1794970371,5654727.87225015,1e-04,0,0.367653608322144,47.1371667385101,"2_76_13",2,76,13,1138,TRUE,TRUE,3,0.0277504248475102,3,FALSE
"103",1.8494747885,0.55215697199,0.08902510305,1.030221631,0.7160225538,0.021174529017,2.96891795425,0.48084879302,0.09522805752,1.01640515375,0.90334731044,0.27350930502,1.334189987,0.69362616202,0.26350044495,0.63517377812,2621935.69215436,576802.310322586,9932.93161511004,36274.0169425194,719175.717114914,1.37240455660411,1.10422235898485,1.09690073528051,1.34550733109595,1.02148057799581,0.145360279544538,-0.0942043588883681,-0.374764358924857,0.147004292445975,0.211105707609941,0.298827604420278,0.211105707609941,0.0762815638713693,0,629181.641617699,0.1111775935,5654727.87225015,1e-04,0,0.233161926269531,66.3394465446472,"2_107_11",2,107,11,1601,TRUE,TRUE,3,0.0318922171627849,3,FALSE
"104",2.129439445,0.84816622644,0.03404461092,0.7697377095,0.79098115108,0.10054786383,2.99339871825,0.47228969968,0.024458476374,1.095742955,0.98559813203,0.16756467036,1.4464381395,0.58661580395,0.22791828903,0.63476727695,2580837.56918749,545642.995603639,14745.693537493,29428.3683427443,817888.289030837,1.19940526692241,1.02485819332052,1.03496367719215,1.2855828581149,1.11091028055019,0.16225956318881,-0.108076685301699,-0.354301495536881,0.145543635501596,0.212439692284131,0.296595296848065,0.212439692284131,0.0549677834201012,0,590242.670219158,0.1042908137,5654727.87225015,1e-04,0,0.236566543579102,81.753741979599,"2_131_11",2,131,11,1961,TRUE,TRUE,1,0.0275798353470947,3,FALSE
"105",2.129439445,0.77334520415,0.03404461092,0.7697377095,0.79098115108,0.10054786383,2.99339871825,0.47228969968,0.024458476374,1.095742955,0.98559813203,0.16756467036,1.4464381395,0.58661580395,0.22791828903,0.63476727695,2580837.56918749,545642.995603639,13444.9015105798,29428.3683427443,817888.289030837,1.19940526692241,1.02485819332052,1.03496367719215,1.2855828581149,1.11091028055019,0.16225956318881,-0.108076685301699,-0.354301495536881,0.145543635501596,0.212439692284131,0.296595296848065,0.212439692284131,0.0549677834201012,0,590242.670219158,0.1042908137,5654727.87225015,1e-04,0,0.243255853652954,82.9232587814331,"2_133_11",2,133,11,1991,TRUE,TRUE,1,0.0275798353470947,3,FALSE
"106",1.896532494,0.84848772223,0.17009871699,2.74428624075,0.94555332072,0.04827967446,2.8761387085,0.315308084106,0.09892086951,1.4710644895,0.81303110278,0.28263809868,1.5645282585,0.58659170057,0.040337937,0.72401523671,2381341.77521742,378991.223994756,16132.342721785,24204.7819241452,958658.305449287,1.3896738796209,1.1086999019262,1.20307191697325,1.0409585550937,1.05035871589027,0.709932515281484,0.513561351174206,0.477109705156269,0.0815594975801443,0.163740552086682,0.207853589030906,0.163740552086682,0.148771831026439,0,74260.3123914251,0.01303373239,5654727.87225015,1e-04,0,0.253632307052612,57.0669136047363,"3_69_9",3,69,9,1029,TRUE,TRUE,1,0.0469056267378433,2,FALSE
"107",1.896532494,0.84848772223,0.17009871699,2.74428624075,0.99685965419,0.19073573607,2.78418690275,0.341278718264,0.008842342239,0.92529854275,0.92081949356,0.26699540316,1.5645282585,0.58659170057,0.040337937,0.72401523671,2655436.86257726,391130.187169361,16132.342721785,24204.7819241452,1072582.01817165,1.36034180780386,1.00884752498738,1.20307191697325,1.0409585550937,1.23357990363675,0.684264766232918,0.358670736252921,0.47376637626548,0.0850915709511576,0.188010776119096,0.208517031850071,0.188010776119096,0.118412539025336,0,74260.3123914251,0.01303373239,5654727.87225015,1e-04,0,0.276154279708862,58.3467202186584,"3_71_9",3,71,9,1059,TRUE,TRUE,2,0.0367793849906815,2,FALSE
"108",2.37826750525,0.84848772223,0.17009871699,2.74428624075,0.94555332072,0.04827967446,2.8761387085,0.315308084106,0.09892086951,1.4710644895,0.81303110278,0.28263809868,1.5645282585,0.58659170057,0.040337937,0.72401523671,2381341.77521742,378991.223994756,16132.342721785,24204.7819241452,958658.305449287,1.3896738796209,1.1086999019262,1.20307191697325,1.0409585550937,1.05035871589027,0.709932515281484,0.513561351174206,0.477109705156269,0.0815594975801443,0.163740552086682,0.207853589030906,0.163740552086682,0.148771831026439,0,74260.3123914251,0.01303373239,5654727.87225015,1e-04,0,0.414727449417114,59.9137749671936,"3_73_9",3,73,9,1089,TRUE,TRUE,1,0.0469056267378433,2,FALSE
"109",1.896532494,0.84848772223,0.17009871699,2.74428624075,0.69818398564,0.04548122127,2.93227117725,0.50446222965,0.08931500721,1.2758707835,0.81647497727,0.28777297824,1.8601278955,0.58659170057,0.040337937,0.72401523671,2403730.64648617,603184.608963481,16132.342721785,24204.7819241452,707158.165709177,1.39957992302696,1.09712710087628,1.20307191697325,1.0409585550937,1.04730202074715,0.711427097307276,0.254776790737096,0.532308608224957,0.0813491072548015,0.202668101710728,0.196576648142189,0.202668101710728,0.079603276341296,0,74260.3123914251,0.01303373239,5654727.87225015,1e-04,0,0.410365581512451,61.4789810180664,"3_75_9",3,75,9,1119,TRUE,TRUE,3,0.0236118063898739,2,FALSE
"110",1.896532494,0.84848772223,0.17009871699,2.74428624075,0.94555332072,0.04827967446,2.8761387085,0.315308084106,0.09892086951,1.4710644895,0.81303110278,0.28263809868,1.5645282585,0.58659170057,0.040337937,0.72401523671,2381341.77521742,378991.223994756,16132.342721785,24204.7819241452,958658.305449287,1.3896738796209,1.1086999019262,1.20307191697325,1.0409585550937,1.05035871589027,0.709932515281484,0.513561351174206,0.477109705156269,0.0815594975801443,0.163740552086682,0.207853589030906,0.163740552086682,0.148771831026439,0,74260.3123914251,0.01303373239,5654727.87225015,1e-04,0,0.405010223388672,63.1441802978516,"3_77_9",3,77,9,1149,TRUE,TRUE,1,0.0469056267378433,NA,NA
"111",2.4720119485,0.99308445521,0.17009871699,2.74428624075,0.80324163295,0.10596587136,2.86511082425,0.38353825725,0.09671407338,1.4386364915,0.81437417423,0.2977116567,1.473585439,0.56369138761,0.06403461789,0.72578002907,2421569.82081718,460446.520601574,18881.5681870081,23797.317198733,832371.485878396,1.41915974773172,1.10601983061263,1.20307191697325,1.06661579301319,1.1175878463473,0.77054540396102,0.444042880657722,0.579520878966752,0.0725393062632843,0.175050300902506,0.186390792636841,0.175050300902506,0.125089057298296,0,53918.0884289281,0.009435989254,5654727.87225015,1e-04,0,0.238098859786987,64.4079542160034,"3_79_9",3,79,9,1179,TRUE,TRUE,1,0.0381244913412094,2,FALSE
"112",1.1262402995,0.98850153491,0.1345810473,2.9502530875,0.53370079978,0.21764389761,2.887306858,0.309085033342,0.07652665686,1.162455922,0.74086310219,0.27310975758,1.57316733475,0.85425624688,0.021414447579,0.64219890281,2149477.42812287,367028.633471416,18331.7947084024,34622.769512752,582047.675855888,1.37165850598276,1.08208744074329,1.154131471321,1.02133570377712,1.27559436016958,0.837338415126177,0.0235140539719283,0.648356412425156,0.0641329148590368,0.199426907020254,0.151132522880542,0.199426907020254,0.0686106287320071,0,29641.7270655338,0.005142451211,5654727.87225015,1e-04,0,0.208381414413452,71.9123482704163,"3_92_2",3,92,2,1367,TRUE,TRUE,2,0.0177431118292434,2,FALSE
"113",2.33155099525,0.342342856346,0.18875498316,1.2726021695,0.42031675488,0.13506382689,2.910406053,0.90764211116,0.020385529629,0.92706982425,0.90553051692,0.2586395445,2.3088240625,0.6841851832,0.13201620807,0.63851660003,2589870.42265402,1046408.4282263,6597.32004924651,30922.7653188851,440868.741266914,1.34517479443021,1.02063393696605,1.23048009324146,1.14774061278,1.15486676511058,-0.0076111376928738,-0.143266955776891,-0.707782299098502,0.159619137255407,0.215786653900489,0.333060273985131,0.215786653900489,0.0195292805449771,0,1582503.47799822,0.2797829092,5654727.87225015,1e-04,0,0.346256732940674,78.8836467266083,"3_102_1",3,102,1,1516,TRUE,TRUE,2,0.0297021349683512,1,FALSE
"114",2.3052690445,0.65177345896,0.11856780435,2.35438119625,0.92731785816,0.13273842732,2.976563143,0.69313324015,0.023275229814,1.10687782425,0.90839880024,0.26897115747,2.2190334305,0.71001395512,0.21931083291,0.63466736,2624751.15285572,800296.964475773,11956.1242906278,35271.1558313215,971691.106622774,1.36397815673887,1.02362741748556,1.13334583180868,1.27187789727401,1.15179654924792,-0.00782122961346565,-0.135131669205311,-0.713033590139864,0.159635777079045,0.215017533288466,0.333571947513955,0.215017533288466,0.0195302452106037,0,1733425.82314151,0.3064751643,5654727.87225015,1e-04,0,0.220308780670166,83.7351403236389,"3_110_5",3,110,5,1640,TRUE,TRUE,3,0.0297733271606514,3,FALSE
"115",1.4638050465,0.87524855829,0.17417387334,2.97628991,0.68883755029,0.021863338536,2.88101692675,0.93295601145,0.020196469704,1.0450945515,0.91247168416,0.27510086775,2.5726930355,0.66366080044,0.010237286007,0.63711354113,2652611.07875299,1075487.63176716,16689.8524560649,26617.5927044224,692031.181418151,1.37538445047895,1.02043869260216,1.20895400033673,1.01008777720913,1.02219481219554,0.140050699875171,-0.168850725542153,-0.402906785797959,0.147460228697858,0.218187708162599,0.301870718886993,0.218187708162599,0.0195290742968069,0,663406.535404794,0.1172306375,5654727.87225015,1e-04,0,0.237096548080444,84.4348170757294,"3_111_9",3,111,9,1659,TRUE,TRUE,3,0.0253625461883907,2,FALSE
"116",2.1773010805,0.43521375903,0.16115220516,2.73764223575,0.79554577709,0.11232323136,2.95923349875,0.63913539982,0.009518484681,1.06934259575,0.97608405487,0.26802719079,1.6080320185,0.57501323528,0.11103485874,0.63607953866,2817685.65287766,732748.96075531,8222.18674016674,25435.7313105853,826527.231118346,1.36223837875724,1.00953046109866,1.19035724775968,1.12142162643459,1.12552603506018,-0.00799977236453864,-0.134165489490673,-0.714630256428337,0.159649916763624,0.214926006547717,0.333727367418877,0.214926006547717,0.0195842209489154,0,1733425.82314151,0.3064751643,5654727.87225015,1e-04,0,0.201444625854492,87.3839654922485,"3_116_5",3,116,5,1730,TRUE,TRUE,2,0.0297949579429024,1,FALSE
"117",2.3052690445,0.65177345896,0.11856780435,2.35438119625,0.92731785816,0.13273842732,2.976563143,0.69313324015,0.023275229814,1.10687782425,0.90839880024,0.26897115747,2.2190334305,0.69756108868,0.21931083291,0.63466736,2624751.15285572,800296.964475773,11956.1242906278,34652.5384230514,971691.106622774,1.36397815673887,1.02362741748556,1.13334583180868,1.27187789727401,1.15179654924792,-0.00782122961346565,-0.135131669205311,-0.713033590139864,0.159635777079045,0.215017533288466,0.333571947513955,0.215017533288466,0.0195302452106037,0,1733425.82314151,0.3064751643,5654727.87225015,1e-04,0,0.237613916397095,88.6321394443512,"3_118_5",3,118,5,1760,TRUE,TRUE,3,0.0297733271606514,3,FALSE
"118",1.059338003,0.69257854454,0.22901068185,0.7332250677,0.83395235075,0.07283728356,2.95630740975,0.95949468095,0.020521254576,1.13699199175,0.63305845125,0.2526279015,2.80338911625,0.85272420105,0.25899343062,0.64178968628,1799894.0425316,1106265.99119278,13752.1853709762,44355.7828683908,853131.228712106,1.33447020845117,1.02077414740746,1.29409731113325,1.33761070039045,1.07796616858498,-0.0152377563908392,-0.143171450770381,-0.726800170990975,0.160222077906987,0.215777640635434,0.334909620063923,0.215777640635434,0.0195296992776456,0,1756163.45202514,0.3104965608,5654727.87225015,1e-04,0,0.258626222610474,90.1105325222015,"3_120_14",3,120,14,1799,TRUE,TRUE,3,0.0299594455165961,3,FALSE
"119",0.9497138365,0.81897695542,0.20134209654,2.28506054325,0.73563497887,0.010043164881,2.91516510325,0.44993725257,0.016176359034,1.09687978675,0.76185484653,0.27307641471,1.820889915,0.52380372861,0.07779922395,0.63691504898,2210307.89958976,517603.607501175,15929.0453023136,22413.4142971425,736149.670146342,1.37159628350633,1.01630455361089,1.24968889253009,1.08210585670717,1.01007485504609,0.143711772847978,-0.104425608760142,-0.393803712863866,0.147146001757291,0.212089412576999,0.30088974730963,0.212089412576999,0.0634235265689804,0,647627.091221894,0.1144398715,5654727.87225015,1e-04,0,0.370643377304077,92.0323386192322,"3_123_5",3,123,5,1835,TRUE,TRUE,3,0.0295421113840356,2,FALSE
"120",1.998091643,0.65704511969,0.14266986474,1.684416892,0.87080024225,0.16587560733,2.92590494925,0.69313324015,0.023275229814,1.10687782425,0.90839880024,0.26897115747,2.522841911,0.88947141736,0.24934457385,0.63869554844,2624751.15285572,800296.964475773,12253.1968978288,45743.511718902,925985.73675605,1.36397815673887,1.02362741748556,1.16492363665693,1.32101210862632,1.19714630813752,0.0382364177608162,-0.132303536037555,-0.613322458714137,0.15594542688243,0.21474951263965,0.32371824022033,0.21474951263965,0.0201416568516484,0,1181866.25821173,0.2089258677,5654727.87225015,1e-04,0,0.36658787727356,92.7903053760529,"3_124_5",3,124,5,1850,TRUE,TRUE,3,0.0284031328737027,3,FALSE
"121",0.884152766,0.82409159565,0.16804624254,2.785933152,0.67212231301,0.0721995597,2.9337181705,0.44993725257,0.016176359034,1.09687978675,0.76185484653,0.27307641471,1.636041675,0.357749080599,0.05992533231,0.64234012751,2210307.89958976,517603.607501175,15645.526439595,15042.8773775134,687415.133018029,1.37159628350633,1.01630455361089,1.20013100483746,1.06207663818052,1.07723094232729,0.125067591779591,-0.106045335796587,-0.432354792346171,0.148739299276995,0.212244878501059,0.305022505266767,0.212244878501059,0.0614275087787715,0,712874.011785791,0.1259794977,5654727.87225015,1e-04,0,0.35313081741333,93.536940574646,"3_125_5",3,125,5,1865,TRUE,TRUE,2,0.0296827977641083,2,FALSE
"122",1.711739146,0.82409159565,0.16804624254,2.785933152,0.67212231301,0.0721995597,2.9337181705,0.44993725257,0.016176359034,1.09687978675,0.76185484653,0.27307641471,1.636041675,0.357749080599,0.05992533231,0.64234012751,2210307.89958976,517603.607501175,15645.526439595,15042.8773775134,687415.133018029,1.37159628350633,1.01630455361089,1.20013100483746,1.06207663818052,1.07723094232729,0.125067591779591,-0.106045335796587,-0.432354792346171,0.148739299276995,0.212244878501059,0.305022505266767,0.212244878501059,0.0614275087787715,0,712874.011785791,0.1259794977,5654727.87225015,1e-04,0,0.364167451858521,95.0432612895966,"3_127_5",3,127,5,1895,TRUE,TRUE,2,0.0296827977641083,2,FALSE
"123",1.998091643,0.65704511969,0.14266986474,1.684416892,0.87080024225,0.24282433104,2.95903338525,0.69313324015,0.023275229814,1.10687782425,0.90839880024,0.26897115747,2.522841911,0.88947141736,0.24934457385,0.63869554844,2624751.15285572,800296.964475773,12253.1968978288,45743.511718902,962503.155014813,1.36397815673887,1.02362741748556,1.16492363665693,1.32101210862632,1.31758333457061,0.038114067586845,-0.133135445643229,-0.613224014649094,0.155955345818689,0.21482838697615,0.323708363513574,0.21482838697615,0.0195854937138755,0,1181866.25821173,0.2089258677,5654727.87225015,1e-04,0,0.220375537872314,95.662486076355,"3_128_5",3,128,5,1910,TRUE,TRUE,2,0.0284009548035783,3,FALSE
"124",0.9236615125,0.320346631067,0.08109713598,2.35971176775,0.91797595832,0.09554019441,2.99418749625,0.49165966246,0.0015659508174,0.9459903535,0.81707664813,0.28874458086,2.18242946525,0.9912795274,0.1561390041,0.63526569692,2407842.22431544,561390.177230874,5733.47948447763,45948.9457946021,947321.380754194,1.40147020387793,1.00155563108213,1.08751606656592,1.17956294736617,1.10480888632029,0.0739677404407777,-0.12004884273147,-0.536061269526892,0.153021176785866,0.213584255848025,0.315871796561889,0.213584255848025,0.0378102833441279,0,911099.815734935,0.161037883,5654727.87225015,1e-04,0,0.22704005241394,95.7091896533966,"3_128_7",3,128,7,1912,TRUE,TRUE,3,0.0280512247238339,3,FALSE
"125",0.71467903885,0.65704511969,0.14266986474,1.684416892,0.87080024225,0.24282433104,2.95903338525,0.69313324015,0.023275229814,1.10687782425,0.90839880024,0.26897115747,2.522841911,0.88947141736,0.17899430961,0.6390884582,2624751.15285572,800296.964475773,12253.1968978288,42253.2315813646,962503.155014813,1.36397815673887,1.02362741748556,1.16492363665693,1.21137866423628,1.31758333457061,0.0372428268637671,-0.133126965449009,-0.61507799035579,0.156025959126384,0.21482758310497,0.323894318814188,0.21482758310497,0.0195856610122878,0,1189060.53642137,0.2101982539,5654727.87225015,1e-04,0,0.220375061035156,99.2319252490997,"3_134_5",3,134,5,2000,TRUE,TRUE,2,0.0284268279079755,3,FALSE
"126",1.788351143,0.80913532334,0.22458009477,2.80706679825,0.57150465706,0.1851786009,2.97703994075,0.82022467749,0.03659062968,1.02711394925,0.71046075441,0.2826735993,2.64322172025,0.39538321744,0.12493524288,0.63868618454,2080990.26831172,953608.522139504,16012.9113251871,17739.8691415342,613266.097864556,1.3897418852816,1.0376492212926,1.28677500909898,1.1387217652502,1.22524486944602,-0.0803843722693198,-0.146232606675895,-0.869626380143229,0.165282786569143,0.216066349473688,0.348484924078339,0.216066349473688,0.0195289585029439,0,4436297.63850562,0.7845073863,5654727.87225015,1e-04,0,0.247311115264893,39.0741844177246,"4_62_5",4,62,5,920,TRUE,TRUE,1,0.0318482585106461,1,FALSE
"127",1.788351143,0.80913532334,0.22458009477,2.80706679825,0.57150465706,0.1851786009,2.97703994075,0.82022467749,0.03659062968,1.02711394925,0.71046075441,0.2826735993,2.64322172025,0.39538321744,0.12493524288,0.63868618454,2080990.26831172,953608.522139504,16012.9113251871,17739.8691415342,613266.097864556,1.3897418852816,1.0376492212926,1.28677500909898,1.1387217652502,1.22524486944602,-0.0803843722693198,-0.146232606675895,-0.869626380143229,0.165282786569143,0.216066349473688,0.348484924078339,0.216066349473688,0.0195289585029439,0,4436297.63850562,0.7845073863,5654727.87225015,1e-04,0,0.245999813079834,41.7033505439758,"4_66_5",4,66,5,980,TRUE,TRUE,1,0.0318482585106461,NA,NA
"128",0.743903648475,0.94825288381,0.29678260941,1.999529039,0.81063889296,0.17562249633,2.953732498,0.48934312922,0.012982925577,1.28880722825,0.7846534105,0.2965585722,2.20835255625,0.77085271702,0.0008062084035,0.63916816508,2330490.38349053,562013.348565907,19847.3489209806,30646.5719029656,865930.579656436,1.41686007683155,1.01304415512491,1.41748690220528,1.00078714960946,1.21117176613303,0.0818112163541164,-0.112975801216286,-0.523347932451686,0.152371755462736,0.212908801889684,0.314561911171982,0.212908801889684,0.0518188370605006,0,933471.990658959,0.164994645,5654727.87225015,1e-04,0,0.35932469367981,49.3232691287994,"4_77_2",4,77,2,1142,TRUE,TRUE,3,0.0293915576596101,2,FALSE
"129",2.3076230585,0.66263427165,0.017508542241,0.9913822245,0.98176283532,0.09208277496,2.997071469,0.57570499418,0.06647283582,1.19709737075,0.97982611081,0.16510630674,2.73086909825,0.45100434657,0.09928318077,0.63742046168,2559717.29881271,679960.979922317,11409.2463668587,19714.9848337346,1011772.95930228,1.19590690374,1.07054815052074,1.01768090778207,1.10719904057861,1.10063522130058,0.0992403880539848,-0.115249040537608,-0.479456191487153,0.150918657060178,0.213126122775992,0.309997103456037,0.213126122775992,0.0478360217702128,0,828381.009781259,0.1464081642,5654727.87225015,1e-04,0,0.239993095397949,57.5874917507172,"4_90_4",4,90,4,1339,TRUE,TRUE,3,0.0282877593662729,3,FALSE
"130",2.3076230585,0.66263427165,0.017508542241,0.9913822245,0.98176283532,0.09208277496,2.997071469,0.43455157534,0.025104585036,1.2444007435,0.72208271609,0.27026811912,2.3128558645,0.70688304293,0.020501602878,0.63742046168,2089089.34924013,502211.441224908,11409.2463668587,28625.1739568947,1011772.95930228,1.36637577601887,1.02553149579127,1.01768090778207,1.02040773357757,1.10063522130058,0.0974905058004575,-0.100682555462126,-0.489214211634375,0.15106517880722,0.211729707161555,0.311017744170625,0.211729707161555,0.0695316121676794,0,828381.009781259,0.1464081642,5654727.87225015,1e-04,0,0.240088939666748,58.9397625923157,"4_92_4",4,92,4,1369,TRUE,TRUE,3,0.0318776061322104,3,FALSE
"131",1.858993181,0.65122623172,0.09881280597,1.084503777,0.94864514127,0.03124198473,2.997071469,0.43455157534,0.025104585036,1.2444007435,0.72208271609,0.27026811912,2.3128558645,0.70688304293,0.020501602878,0.63742046168,2089089.34924013,502211.441224908,11790.1210774315,28625.1739568947,956084.420354203,1.36637577601887,1.02553149579127,1.10871273580388,1.02040773357757,1.03201972428195,0.0974588365550092,-0.10062318737471,-0.489496223070648,0.151067829238207,0.211723996996893,0.311047191381116,0.211723996996893,0.0695778656591346,0,828381.009781259,0.1464081642,5654727.87225015,1e-04,0,0.234507083892822,60.2243885993958,"4_94_4",4,94,4,1399,TRUE,TRUE,3,0.0318899326369985,3,FALSE
"132",1.770889969,0.62072244148,0.1146461079,2.50111872175,0.80770978531,0.29269530534,2.95290235775,0.78876660378,0.023751523629,1.0057571555,0.72400320235,0.21406504548,1.7301057575,0.6069870797,0.03158353176,0.63635186297,1982447.24912427,910940.203222311,11356.5481512787,24838.549834856,919018.278253317,1.26965563635322,1.02412249039051,1.12836902782927,1.03178809639556,1.40945262414435,-0.0583844376540816,-0.142513080087149,-0.821475217017108,0.163591299450511,0.215715496793238,0.343968137140685,0.215715496793238,0.0195290907299407,0,2987358.01392808,0.5282466845,5654727.87225015,1e-04,0,0.22058629989624,86.2407031059265,"4_133_4",4,133,4,1984,TRUE,TRUE,1,0.031219811011073,1,FALSE
"133",2.2002839795,0.91938956485,0.06179883315,2.25990951325,0.98242853308,0.0608473821,2.78142548375,0.3048412964831,0.20712874287,1.01167086475,0.79400170057,0.14310028329,2.41112116625,0.85852095299,0.19144408554,0.63581057438,2031344.95107269,389774.628356831,16255.8475571049,41341.6040024151,1000569.49044324,1.16547672717807,1.25806412964282,1.06532951060691,1.22943954173447,1.06430859498946,0.861465659921276,0.144279389275648,0.676428035348999,0.0591857560243352,0.186688149695788,0.144974634991996,0.186688149695788,0.140838094308919,0,20790.3418838149,0.003576987654,5654727.87225015,1e-04,0,0.269718647003174,73.8525323867798,"5_115_9",5,115,9,1719,TRUE,TRUE,2,0.042636945081811,2,FALSE
"134",0.97886062325,0.85971167441,0.06179883315,2.25990951325,0.98242853308,0.0608473821,2.78142548375,0.3048412964831,0.20712874287,1.01167086475,0.79400170057,0.14310028329,2.41112116625,0.85852095299,0.19144408554,0.63581057438,2031344.95107269,389774.628356831,15200.6749440891,41341.6040024151,1000569.49044324,1.16547672717807,1.25806412964282,1.06532951060691,1.22943954173447,1.06430859498946,0.861465659921276,0.144279389275648,0.676428035348999,0.0591857560243352,0.186688149695788,0.144974634991996,0.186688149695788,0.140838094308919,0,20790.3418838149,0.003576987654,5654727.87225015,1e-04,0,0.269845485687256,75.1221444606781,"5_117_9",5,117,9,1749,TRUE,TRUE,2,0.042636945081811,2,FALSE
